antibody,site,mutation,mut_escape,group
BD-2775,511,H,0.00299813441857754,D1
BD-4979,513,K,0.0785168586597855,A
BD-6525,531,E,0.0139870732493673,E2.2
BD-2961,469,M,0.00275733170565844,E3
BD-4627,469,H,0.0781761845988482,B
BD-150,531,V,0.105692790370524,E2.2
BD-2680,496,E,0.0147192213285478,B
BD-7714,454,R,0.153465492577544,A
BD-6623,336,Y,0.0416697877854616,B
BD-3402,514,M,0.107683939433586,E3
BD-3509,524,Q,0.0581269725492135,C
BD-3665,513,I,0.0198090155184212,E3
BD-3352,472,M,0.00898867613773238,C
BD-1085,448,E,0.0127078605305323,F3
BD-5368,502,I,0.125656821740349,D2
BD-3637,382,C,5.0210708604769e-07,E2.1
BD-8265,384,L,0.0150490696270115,F1
BD-6612,417,M,0.332970571700397,E3
BD-7892,414,D,0.00122352924938784,E2.2
BD-3209,481,N,0.064752812459294,E2.1
BD-9378,379,A,0.0242156062836951,D2
BD-7949,434,F,0.16340221604679,C
BD-1607,511,M,0.148790046418757,E2.2
BD-329,392,K,0.0106402056781015,E2.2
BD-7811,454,N,0.159797967839029,F2
BD-8622,360,C,0.105725820636538,A
BD-2992,482,Q,0.0690693917571147,F1
BD-2753,487,H,0.0117716182834749,C
BD-4090,391,C,0.331480873777166,E2.2
BD-1076,519,Y,0.0157871159088249,E1
BD-6335,397,W,0.0278294319541343,F1
BD-8223,411,Y,0.046047829726464,B
BD-862,342,G,0.120455674320892,E2.1
BD-3110,529,C,0.0104948055621231,E2.2
BD-522,401,P,0.134250541286791,E2.2
BD-7207,509,L,0.0372411468709695,B
BD-5388,492,D,0.00881457983350072,F1
BD-736,500,L,0.0174932977753662,F2
BD-1870,512,R,0.0113446563309371,E3
BD-4301,526,M,0.0315974106830827,D1
BD-1230,469,M,0.0388583737228572,E2.1
BD-391,344,M,0.00204105936402571,E3
BD-9118,496,Q,0.0021688697343047,A
BD-407,508,Q,0.0268080843290094,B
BD-7038,462,M,0.0824171790029063,B
BD-4955,512,K,0.107416983954973,D1
BD-6825,467,M,0.0134169205221102,F1
BD-4556,484,R,0.309622178794741,E3
BD-9783,395,C,0.00079840908547371,E3
BD-7117,525,T,0.057088296396229,C
BD-5705,362,C,0.00029640820094952,F2
BD-977,355,L,0.168945110146675,D1
BD-3200,344,S,0.00268919234116265,C
BD-6586,388,H,0.0226112566125613,A
BD-1657,530,H,0.00536647918525597,E2.2
BD-8421,452,T,0.120126560095359,A
BD-8487,451,N,0.062030374832542,E3
BD-7413,419,A,0.252841382529519,F2
BD-5690,374,V,0.0319089322439191,E2.2
BD-3082,438,D,6.05498448525106e-05,D1
BD-5068,508,E,0.0256723414922374,E2.2
BD-6983,477,Y,0.0423798239424635,F1
BD-4631,353,Y,0.0147319037555661,F2
BD-503,385,K,0.106252377082519,C
BD-7116,414,N,0.0463460714218268,F1
BD-4229,414,Q,0.119443814097917,B
BD-869,462,S,0.0197885128494848,E1
BD-9830,524,I,0.12543159456154,E2.2
BD-5779,428,W,0.0117072885825734,F2
BD-380,492,T,0.00670481316070109,E3
BD-6257,497,T,0.0346738559797507,F1
BD-5983,521,Q,0.014701522458398,E2.2
BD-1105,348,A,0.196918631708897,E3
BD-909,460,P,0.00426367904037353,E3
BD-6059,357,A,0.00312788442729373,E3
BD-5175,508,F,0.0152652275191886,E2.1
BD-9502,342,N,0.0229461352201519,F1
BD-8168,352,A,0.0180391694715621,E3
BD-708,486,W,0.504072692627447,B
BD-1858,364,H,0.157808120740586,F1
BD-8209,472,W,0.00707145035909002,D1
BD-4963,480,I,0.00585167345070248,D1
BD-9397,457,E,0.0349412449370311,E3
BD-899,518,S,0.0023775389547687,E3
BD-3585,439,I,0.0514675954890452,E2.2
BD-7002,407,S,0.00253840008634471,F2
BD-4575,343,G,0.260294524478317,C
BD-9758,409,I,0.0255915990965237,E2.2
BD-8507,489,A,1.21651461683639e-05,E3
BD-3861,460,R,0.00296809888556328,E3
BD-201,444,E,0.783563278951227,E3
BD-374,337,N,0.00752126946020285,F2
BD-1572,471,W,0.0169204714335578,F1
BD-491,391,Q,0.0216710414621427,A
BD-9940,369,V,4.30147330816161e-06,F2
BD-1539,377,C,0.123905974658013,E2.2
BD-3163,367,I,0.0098019993446156,E3
BD-7148,336,T,0.0227135614311504,E2.2
BD-9940,461,M,0.014703182064912,F2
BD-2345,415,V,0.0136335335026562,D1
BD-8221,488,T,0.114118731514849,A
BD-4722,405,R,0.063755639419535,F1
BD-9736,523,R,0.00326972995280178,E2.2
BD-8113,335,D,0.00125896288511224,F2
BD-1238,494,W,7.41097769702311e-05,E2.1
BD-7781,349,E,0.0820170750266271,E2.1
BD-9202,451,C,0.0572615650008984,E3
BD-7098,349,W,0.0243583108294209,E3
BD-1312,346,T,0.0403872422099731,E2.1
BD-6507,424,R,0.00768198106269547,E2.2
BD-8784,513,I,0.00162711135381514,E2.2
BD-7766,461,V,0.000658795705679108,A
BD-9590,367,A,0.0161778259738503,F2
BD-5435,521,E,0.0908093097682954,E2.2
BD-6724,364,I,0.0634262050320069,E3
BD-4635,372,T,0.00608585138076292,D1
BD-803,471,A,0.0972281471300577,F1
BD-6148,394,Q,0.000112698572659958,C
BD-7327,364,A,0.0376497192221421,E3
BD-6329,522,F,0.00152644069774496,E2.2
BD-1657,468,G,0.0240675251181603,E2.2
BD-3416,345,W,0.130888204570203,F1
BD-4092,514,I,0.114793212407813,A
BD-6416,509,D,0.0179358305345735,F2
BD-2753,502,V,0.106121412064242,C
BD-5791,479,Q,0.201321399878973,E3
BD-2222,468,W,0.143364247039875,E2.2
BD-8724,448,C,0.00281766913586543,D2
BD-6428,409,S,0.0919183524380339,A
BD-5630,396,G,0.0472746070840777,F1
BD-5202,423,H,0.0410008713264092,F1
BD-8399,396,K,0.0843836232157222,E2.2
BD-7674,481,N,0.00933155097030192,C
BD-3027,362,L,0.0204836404337282,A
BD-2640,335,T,0.00138349293341044,E2.1
BD-3873,446,A,0.500888559477576,E2.1
BD-5462,351,K,0.00032899072915519,A
BD-9035,486,V,0.305797612203129,A
BD-6707,351,E,0.000577993927789946,E3
BD-6362,488,G,0.00986778582270459,B
BD-811,357,A,0.108492135833649,E3
BD-5061,420,I,0.0116495613040966,E2.2
BD-4390,459,C,0.160933414682972,E2.1
BD-7409,403,R,0.00158071461291225,D1
BD-1794,429,E,0.00115854595115878,E3
BD-3424,526,T,0.106480304745757,B
BD-2458,515,A,0.0161511891931428,E2.1
BD-2055,461,I,0.0564188984896492,A
BD-8714,500,Y,0.112914790577567,E2.2
BD-1088,471,A,0.000351117803729038,F1
BD-1863,337,Y,0.197520205042336,E3
BD-829,368,C,0.227663865635211,E2.1
BD-2605,439,M,0.000163159112592324,A
BD-6230,403,T,0.221463875047708,F2
BD-525,503,V,0.0584563164980684,F1
BD-6663,358,L,0.213742950251257,E3
BD-3531,480,S,0.0991352263554456,F1
BD-7385,408,M,0.0629732106945812,E2.1
BD-6031,386,V,0.0463340386358804,F1
BD-5280,488,V,0.000226779481466645,E3
BD-2645,341,A,0.0268216735261447,F2
BD-9788,422,G,0.0287952236093878,F2
BD-764,431,S,0.000699119928514612,E2.2
BD-240,499,G,0.0478114349144114,E3
BD-717,455,I,0.146178233134337,E2.1
BD-2393,458,W,0.0217430029152637,E2.1
BD-9264,349,T,0.0083805986988766,B
BD-370,442,D,0.0243577113233819,F1
BD-9704,350,L,0.0339619964160523,F1
BD-2332,507,S,0.00598402545327572,D1
BD-314,396,I,0.00887048335540225,E2.2
BD-1929,510,L,0.0624087889500191,A
BD-7281,382,P,0.112344874437519,B
BD-9545,475,C,0.0538378605919724,F1
BD-8931,431,Q,0.0487973198875887,F1
BD-4349,527,V,0.00436626629398224,E3
BD-8932,351,Y,0.00382647112130629,E3
BD-9244,493,A,0.717478619871273,E3
BD-179,494,R,0.120170699851255,A
BD-313,429,P,0.0173338463942314,A
BD-635,332,Y,0.108803852501681,D1
BD-4180,348,T,0.00324733666596851,C
BD-9825,379,T,0.0413737324147814,E3
BD-8442,490,D,0.463910506202264,E2.1
BD-918,368,D,0.0411846748297527,D2
BD-3143,380,C,0.000318402542888299,E2.2
BD-7831,398,E,0.0140333089734272,E3
BD-1088,440,F,0.297385756561953,F1
BD-9521,345,W,0.0714453829794272,E2.2
BD-6983,392,N,0.0524336885940507,F1
BD-9695,520,M,0.00131526427805246,E2.1
BD-5549,365,S,0.384124008157152,E3
BD-907,512,V,0.0667079317370944,F1
BD-5256,375,D,0.0060995857917599,E2.2
BD-558,471,K,0.0249340531660964,E1
BD-5327,365,W,0.044256623265348,A
BD-6904,443,G,0.077936175592017,E2.1
BD-517,389,P,0.28250190364783,E3
BD-1910,483,F,0.0323592282602447,E2.2
BD-2957,355,E,0.0478344887221759,E2.2
BD-4341,446,R,0.106249675854446,E3
BD-5727,344,R,0.117150714595173,F1
BD-411,347,L,0.0243589996590951,E2.2
BD-7824,446,Y,0.459621342739538,E3
BD-3450,402,I,0.0117668432727591,F2
BD-9830,512,H,0.0193864208947876,E2.2
BD-814,515,T,0.0157801929919267,F3
BD-8561,527,N,0.00313341371792915,E2.2
BD-6252,336,K,0.0182543320692895,E3
BD-8223,332,K,0.042010974436408,B
BD-9197,453,R,0.0485433569242033,B
BD-3871,486,R,0.720237122448723,E3
BD-1884,401,E,0.000411541527305072,A
BD-8110,432,I,0.11784950556172,E3
BD-8513,386,I,0.000507288438448472,F1
BD-7346,380,E,0.0190284527709258,E3
BD-2538,368,L,0.161739950243083,A
BD-4452,358,L,0.15256860090661,F2
BD-6884,331,R,0.209455985267425,E3
BD-179,454,C,0.0129627731826265,A
BD-184,416,W,0.0041433604612508,F1
BD-9117,414,C,0.140419673825512,F1
BD-7753,427,S,0.0182792271386768,E2.2
BD-9954,359,L,0.00599027162523897,F2
BD-8223,478,R,0.00428223852556315,B
BD-1243,424,E,0.177771293977364,D1
BD-9041,354,Y,0.0555313102189331,F2
BD-2211,413,E,0.0770776840774418,E3
BD-1578,408,R,0.0144031087734941,E2.1
BD-9637,483,V,0.0717235996975496,E3
BD-3903,481,C,0.0369784518547305,B
BD-8762,336,Y,0.00985618185546905,C
BD-707,375,V,0.0439594928139754,E3
BD-9257,488,M,0.0339170563490835,E2.2
BD-5635,439,M,0.111233751907844,E1
BD-2437,338,C,0.0285050020653435,B
BD-3678,479,H,0.0187471342803471,F1
BD-9902,530,L,0.0056990887407306,E2.2
BD-938,458,F,0.0879680825938504,B
BD-9477,490,Y,0.226885923246014,D2
BD-4541,404,D,0.021643670981738,E3
BD-4022,463,T,0.0645636160281841,E2.2
BD-8516,510,S,0.186205247280001,E2.1
BD-4321,392,V,0.237744199407552,C
BD-896,410,Y,0.00372093828361986,C
BD-3661,531,F,0.0262855024378275,C
BD-5142,523,G,0.0160089515323213,E2.2
BD-6140,402,C,0.00102739155898163,F1
BD-2385,466,R,0.0769456920384364,C
BD-2401,404,E,0.00809358658932088,E2.2
BD-3832,385,V,0.100072036786375,C
BD-5997,388,L,0.000629300534674028,C
BD-5602,483,F,0.000847777764703569,F1
BD-9233,343,H,0.125746552185769,E3
BD-1604,467,P,0.00376177479416338,E3
BD-1899,430,V,0.0328904370630222,E2.2
BD-6290,529,V,0.0201689115494831,C
BD-7599,451,K,0.00789281348976943,D1
BD-2897,484,C,0.734683545828741,F1
BD-7168,359,V,0.0419270134743821,A
BD-789,411,K,0.00155313334567849,F1
BD-8517,435,D,0.0402967713914251,E3
BD-8256,331,R,0.000776014906668135,E2.2
BD-9362,365,M,0.0506195356000658,F1
BD-716,480,G,0.0449875747429657,A
BD-4917,407,M,0.233088966610779,F1
BD-6477,434,W,0.131581120749369,B
BD-9259,516,I,0.102668654256193,F1
BD-7727,393,T,0.00172621864848903,B
BD-6213,504,M,0.0020836144665392,F1
BD-692,474,M,0.0809513987215127,E3
BD-692,487,Q,0.0344111115948381,E3
BD-2737,496,W,0.0151495373469259,E2.2
BD-7727,443,Q,0.0244762626557612,B
BD-3062,346,W,0.0010680711165123,E2.1
BD-8829,413,N,0.0144145127017653,E3
BD-2550,385,L,0.110898962968212,E3
BD-9405,445,W,0.351746247683775,E3
BD-2320,497,Q,0.0794042766027482,E3
BD-5765,455,R,0.015667776826946,A
BD-5125,487,N,2.71878870099834e-07,F3
BD-8740,504,L,0.0031150285451201,C
BD-3277,438,S,0.136615322423249,C
BD-3612,529,T,0.0403422039911796,E3
BD-5962,461,W,0.185713049727697,E2.1
BD-9633,460,M,0.0317595469059714,F3
BD-6573,479,T,0.000483177900318669,E2.2
BD-1198,494,H,0.0761502738524248,A
BD-5892,336,C,0.113038442999615,E3
BD-1800,396,C,0.017694829366361,E2.2
BD-9355,427,H,0.0673895480806677,C
BD-8595,361,R,0.0200606296635068,E2.1
BD-8134,412,P,0.136668287379624,E2.2
BD-4326,518,S,0.131530149407972,E2.2
BD-6481,357,E,0.0462650869484819,E1
BD-2451,462,K,0.0724416702493304,E2.2
BD-3457,422,P,0.0083254997706174,F2
BD-6412,424,S,0.0623538833527525,F1
BD-708,410,T,0.207546145697192,B
BD-6997,333,P,0.103781667133326,F2
BD-8184,373,V,2.39640652233389e-05,E2.2
BD-699,419,Y,0.145518036550977,A
BD-7272,474,W,0.00637372280889046,E2.2
BD-7732,356,E,0.00319796770085942,F2
BD-304,486,W,0.654820913338964,E2.2
BD-5406,458,G,1.15067672231802e-05,E2.1
BD-9429,414,E,0.028739409317778,F2
BD-2127,500,L,0.000643332246492711,E2.1
BD-3462,385,I,0.013300630056058,F3
BD-430,435,H,0.12796811171367,E1
BD-150,459,N,0.0647184031131997,E2.2
BD-9737,413,Q,0.00465091379494294,E3
BD-5751,526,K,0.18445888246465,D1
BD-8688,501,H,0.19640057642611,E2.2
BD-903,421,L,0.00131030723786518,F3
BD-8405,344,R,0.43599161516968,F1
BD-1137,338,L,0.000134838834763978,E1
BD-6731,372,K,0.113071631170653,E2.2
BD-8615,499,D,0.225598916015484,D2
BD-7002,422,S,0.0123121553954874,F2
BD-3472,488,A,0.0300301778864136,E3
BD-6004,384,W,0.135423415559999,F2
BD-2114,477,E,0.0724859878412502,D2
BD-997,345,E,0.00760965361959106,C
BD-3873,409,G,0.0267165090938234,E2.1
BD-400,399,V,0.195731076878765,F1
BD-7874,497,D,0.00888521389317043,E1
BD-3879,466,T,0.311475474727975,D1
BD-3585,394,K,0.00984229413972261,E2.2
BD-179,430,K,0.0995160856896963,A
BD-7581,453,G,0.0032623310044229,E2.2
BD-7576,496,Q,0.0435018053554919,B
BD-2036,487,F,0.0714413775267782,E2.2
BD-6841,425,N,0.027140648982757,C
BD-6846,510,Q,0.00100203127050928,A
BD-716,527,P,0.00364893919391456,A
BD-9997,376,G,0.018411373311846,A
BD-1365,440,R,0.23902730874514,E1
BD-9944,338,M,0.0299685996425438,D2
BD-6509,478,A,0.0451560172675097,F2
BD-3492,473,Q,0.0323565756428926,D1
BD-6768,523,L,1.78895679044451e-06,C
BD-8901,395,N,0.00158743618415223,E1
BD-4060,523,A,0.196105459994173,F2
BD-8695,357,R,0.0550189675850079,F1
BD-692,418,W,0.0228897090203775,E3
BD-2623,447,C,0.00605511600707655,A
BD-6825,365,D,0.0475962901037723,F1
BD-2309,526,R,0.00531226981144312,E2.2
BD-4562,367,L,2.76695603399062e-05,E3
BD-8082,444,F,0.589935437855174,E1
BD-3685,334,V,0.0763442461845711,E3
BD-4509,430,G,0.000183019084679996,A
BD-5944,340,L,0.304953315509622,E2.2
BD-9275,340,P,0.0997176203665136,E2.2
BD-948,516,W,0.0718775791961647,D1
BD-5404,523,E,0.0188266510096994,E3
BD-6415,528,F,0.136410246567933,F1
BD-5199,465,N,0.0445811012294507,A
BD-9040,336,S,0.25833268842123,B
BD-4808,475,H,0.047122466177824,E1
BD-5897,360,V,0.0685883926526214,F1
BD-2198,331,C,0.0162373037076717,E2.2
BD-285,520,I,0.0582960760023897,F3
BD-7714,481,Y,0.00837603521900199,A
BD-5885,480,H,0.00165960390037,E2.2
BD-2522,451,P,0.16837702020016,C
BD-6944,396,P,0.0422699724414461,E2.2
BD-578,461,K,0.0177161409847081,D1
BD-9997,508,H,0.0425742629287922,A
BD-5944,429,A,0.00115820675187875,E2.2
BD-9779,382,F,0.00295116915746886,E3
BD-5011,413,M,0.0117607769405325,F1
BD-6848,497,E,0.0683052791683547,E2.1
BD-4185,384,K,0.0109523571119429,A
BD-4320,520,L,0.0583687694700166,C
BD-3767,474,R,0.0230819480249817,E2.2
BD-2359,390,Y,0.0475133395366484,E3
BD-1684,367,L,0.146838832824398,E3
BD-6886,487,W,0.0008344752515806,E3
BD-409,377,E,0.0696751820891086,E3
BD-3502,513,N,0.00129416629421765,B
BD-5971,474,T,0.0410768085922018,A
BD-1684,344,F,0.000199013927194681,E3
BD-8912,445,P,0.50914313743873,F3
BD-9803,455,K,0.0909535761830093,F1
BD-3876,502,R,0.00473499189785298,E2.2
BD-9795,432,A,0.0202235406704913,A
BD-5246,468,I,0.0146666352856262,E2.1
BD-8481,378,Y,0.0312273738394904,E2.2
BD-4512,419,W,0.0436280856305867,F3
BD-2123,493,M,0.724254038772298,E3
BD-7260,421,H,0.315146378810866,B
BD-9222,468,T,0.00565218069060717,E2.1
BD-4707,450,Y,0.568648047777331,D1
BD-5209,344,T,0.0890215272883199,C
BD-5201,504,I,1.23854709571387e-05,E2.2
BD-6936,497,N,0.0311774811242305,C
BD-2457,521,G,0.00441498255052191,E3
BD-9804,349,L,0.000778853701614988,E2.1
BD-3027,482,S,0.00016816572291137,A
BD-9065,471,P,0.00418569092766566,A
BD-9362,448,T,0.00465656244651837,F1
BD-9057,428,I,0.190449045471553,E2.2
BD-6122,513,E,0.0545830144408521,E3
BD-411,387,A,0.0915354949323582,E2.2
BD-3834,465,D,0.0422159970464395,B
BD-8787,375,G,0.00270854520480867,D1
BD-3186,523,C,0.0682502953105031,D1
BD-8889,492,F,0.00275740447668722,E2.2
BD-2152,381,V,0.0244413482741949,E2.2
BD-9213,430,S,0.114645818068154,E2.1
BD-4688,363,Q,0.0207316973535238,E2.2
BD-9855,433,E,0.00102442099614175,E2.2
BD-3454,447,C,0.0291208603537221,E3
BD-7216,380,F,0.105576328745961,F1
BD-9495,496,D,0.0386348935758854,A
BD-9384,443,I,0.00187028966919926,E3
BD-5011,440,G,0.691182525574487,F1
BD-8917,419,Y,0.0670079506088513,A
BD-5688,452,G,0.00541045099224806,D2
BD-301,454,M,0.0325668860211861,B
BD-7276,332,P,0.00457584049578268,E3
BD-5519,421,Y,0.00119733432171249,E3
BD-4669,422,K,0.0126788330699077,E3
BD-2451,373,H,0.0729055123003866,E2.2
BD-4027,424,L,0.0298255711045111,F3
BD-1639,366,D,0.0070871299121474,E3
BD-8480,369,T,0.000874083902237211,F1
BD-2589,524,I,0.00939232025609937,A
BD-8157,384,C,0.0207558510551806,F2
BD-2458,385,Y,0.00418774451914154,E2.1
BD-8058,395,E,0.000204391593978449,C
BD-8366,425,W,0.164419127888284,E2.2
BD-1097,382,L,0.0210030220761106,E2.1
BD-7635,423,A,0.00178856622096813,F1
BD-4299,436,G,0.0182111891148922,F1
BD-9543,375,C,0.028075557860855,E2.1
BD-8897,392,Y,0.0186046663283023,E3
BD-661,459,L,0.0107129944522003,E2.2
BD-4413,381,I,0.00403999439235651,E3
BD-4693,448,W,0.00760768545967522,E3
BD-8359,361,D,0.206278231817301,F1
BD-1145,345,I,0.0194522320087502,E2.2
BD-6090,331,H,0.0287007660876009,E3
BD-3568,529,K,0.103512244256562,E2.2
BD-301,418,E,0.10601625049202,B
BD-518,455,Y,0.00335644212756032,E3
BD-6094,382,S,0.000570504340239489,E2.2
BD-5239,357,S,0.0332299102199303,F1
BD-398,412,R,0.0165544091412864,F1
BD-7638,339,I,0.18092721634272,E2.1
BD-8762,424,D,0.0724744532621341,C
BD-7059,361,F,0.0202237288223678,F1
BD-1624,375,I,0.356559315536429,F3
BD-9865,338,F,0.0242878712349031,E2.1
BD-7472,338,G,0.00509257288434699,E2.2
BD-5671,422,P,0.009983005799795,E2.2
BD-4073,523,F,0.0556374292249632,D2
BD-132,416,H,0.170141500128055,E2.2
BD-9466,416,R,0.0279884455106519,D1
BD-9256,418,E,0.0902495045595979,F1
BD-8798,430,V,0.322290394936096,E2.2
BD-135,498,K,0.321260055627394,E3
BD-1884,512,T,0.0174628868928637,A
BD-2724,391,M,0.0373019919270395,E1
BD-3241,484,M,0.315652825336007,C
BD-1585,520,W,0.145425657475995,E2.1
BD-872,410,K,0.204482550089928,E3
BD-2508,401,E,0.00426600554252969,A
BD-8987,463,Q,0.00906480283817482,E2.2
BD-4765,403,D,0.0117956162732693,B
BD-8147,368,A,0.00585092231319044,D1
BD-7536,470,A,0.00115654284500245,E3
BD-9783,525,E,0.0106835281542398,E3
BD-9275,459,Y,0.0104180274042191,E2.2
BD-502,332,N,0.00437346061255823,F1
BD-4351,368,M,0.0472943713989395,E2.2
BD-2324,528,R,0.106148866699342,E3
BD-3972,416,Q,2.4134989625613e-05,F1
BD-3274,453,E,0.170701874280347,E2.2
BD-2132,493,R,0.21345462110817,D1
BD-8316,453,K,0.113405283793115,B
BD-3883,458,I,0.0174916013878606,E2.1
BD-8787,495,C,0.348473362943102,D1
BD-6864,405,K,0.0876675903376586,E2.2
BD-6825,411,Q,0.00142067011479962,F1
BD-723,363,Q,0.01017006813936,D1
BD-7743,502,C,0.139907645189409,E2.1
BD-4050,411,N,0.000208594815698018,D1
BD-298,426,R,0.0290032092493155,E2.1
BD-6279,351,L,0.0122562956178969,C
BD-8731,359,V,0.00126499889498593,E3
BD-9265,502,C,0.0161771211818249,A
BD-2413,491,V,0.00767824028645059,B
BD-6445,495,Y,0.00735325736812007,D1
BD-5549,444,C,0.254346626050679,E3
BD-803,463,R,0.0107217240937371,F1
BD-756,482,P,0.00273481755979067,B
BD-6970,493,L,0.115447011811541,E2.2
BD-4493,421,A,0.0839063882672195,D1
BD-2253,524,T,0.00352103343351699,E2.2
BD-5650,361,L,0.179913600754018,B
BD-7485,514,Q,0.125144378937299,F1
BD-1007,518,H,0.313808373325565,E2.1
BD-927,379,W,0.0451151348657818,E2.2
BD-6544,495,L,0.103271870698077,D1
BD-4268,491,V,0.0860215360557985,E1
BD-9990,335,G,0.0433549981244575,E3
BD-8950,348,D,0.0785696793703003,D1
BD-6370,387,T,0.0259016818862792,E3
BD-1050,394,M,0.111584623750539,A
BD-5342,345,Q,0.0139551759063435,A
BD-8442,414,N,0.128012812232221,E2.1
BD-7008,375,I,0.0194043695531207,F1
BD-9502,354,S,0.0485706997845878,F1
BD-4900,457,H,0.000676948763696201,E2.2
BD-2152,480,F,0.0241528660736965,E2.2
BD-5763,450,P,0.496470269010997,D1
BD-270,472,F,0.0296621023438777,D2
BD-4351,530,F,0.0395696043036086,E2.2
BD-2948,493,L,0.141139927127711,E3
BD-8645,521,D,0.0606609444549103,E2.2
BD-6553,468,W,0.000611970424756551,E2.2
BD-7245,454,P,0.0208281647962307,E2.1
BD-5885,438,E,0.00984857044235295,E2.2
BD-9087,373,R,0.0107396555619261,A
BD-6180,451,D,0.0105421753600022,E1
BD-6409,498,A,0.399838688797214,E2.1
BD-3191,459,V,0.000184504371671337,A
BD-389,421,R,0.0114133231588042,D2
BD-2157,529,Q,0.00748164347929348,F1
BD-3754,424,Y,0.0635461743311585,C
BD-8466,515,I,0.037630623556735,F2
BD-4525,344,W,0.0549252040426535,D1
BD-3982,513,E,0.00495513922131424,D2
BD-2757,444,L,0.395997443228367,E2.2
BD-8092,392,F,0.120995124435609,B
BD-6042,501,L,0.682219639922763,E2.2
BD-2547,414,M,3.87520495414015e-05,E3
BD-3122,343,K,0.174812279484826,E3
BD-7106,371,I,0.167127306712642,A
BD-3472,370,D,0.00374651495988929,E3
BD-1061,497,P,0.0764342029512262,E3
BD-2178,453,N,0.0503324157684322,F1
BD-8432,403,I,0.0236736083339722,E2.2
BD-938,488,K,0.00288146135983424,B
BD-1561,332,Q,0.0598011633879244,E2.2
BD-7191,471,Q,0.00235727043616918,F2
BD-8898,357,M,0.018297046992309,E3
BD-2040,335,Q,0.0903055566591295,E2.2
BD-9940,493,P,0.537463491200232,F2
BD-7052,530,W,0.00134096485591064,F1
BD-3786,382,I,0.0120653084345636,E2.2
BD-8502,489,L,0.043280292352899,E2.1
BD-5218,466,D,0.0222539753973253,E1
BD-1155,429,E,0.0725184383091818,F2
BD-7969,359,F,0.108913007268574,A
BD-5368,465,Y,0.0942594385142837,D2
BD-1312,469,V,0.091843090932257,E2.1
BD-2160,447,R,0.0275273789219832,D2
BD-2742,417,H,0.646391491166052,F1
BD-4341,519,A,9.55743675129909e-07,E3
BD-6321,356,A,0.367500802672692,F1
BD-563,394,V,0.00261672559505774,F2
BD-8377,331,V,0.00585263089690569,C
BD-9262,373,E,0.0629447044897813,F1
BD-6936,471,L,0.0217131077519261,C
BD-2437,446,A,0.624621482257447,B
BD-1919,480,L,0.0416331682684556,E2.2
BD-7863,405,Q,0.0664722983194178,E3
BD-5989,361,P,0.0251679425966874,E3
BD-4261,394,R,0.0683979797843844,C
BD-9188,343,Y,0.0401580451630777,D2
BD-1666,472,K,0.00443110481452256,E2.1
BD-1767,351,Q,0.00015065817265392,E2.2
BD-7052,384,A,0.0182437049496441,F1
BD-8016,393,S,0.00100998931035663,E3
BD-8290,397,N,0.0251659619124548,A
BD-8432,447,I,0.0729265890273213,E2.2
BD-3027,428,V,0.00392354684910138,A
BD-3277,455,Y,0.0122351539242959,C
BD-2893,470,A,0.0891055133241556,C
BD-9727,392,Y,1.37378012763852e-05,E2.2
BD-3522,424,D,0.028647870851139,E3
BD-9196,513,P,0.104149787205319,F1
BD-9029,350,E,0.111390161944218,C
BD-3653,489,G,0.00397249316537388,C
BD-6589,437,M,0.103042907060959,E1
BD-907,519,P,0.0104713056014768,F1
BD-9849,334,E,0.0109010408795058,E3
BD-2458,349,S,0.00317252882675255,E2.1
BD-9904,431,E,0.201078962402332,D2
BD-9757,452,L,0.00393055425500067,E3
BD-1189,390,E,0.00070006631670091,E3
BD-6146,472,N,0.0145101135145708,C
BD-470,437,D,0.0107760965261442,F3
BD-9988,463,L,0.00657058919095113,E3
BD-1115,514,P,0.00701498669647338,F2
BD-6663,434,E,0.00635245347389958,E3
BD-5461,528,W,0.0306577046237832,C
BD-9287,475,L,0.0188582678071033,E3
BD-7111,469,A,0.0757725604689901,E2.2
BD-5759,488,A,0.0550536447860132,A
BD-1834,391,P,0.0157394276190587,E2.2
BD-966,381,D,0.00287151043237524,E3
BD-9029,448,H,0.0610100350863109,C
BD-6080,366,S,0.0804611938700609,D2
BD-7972,483,F,0.00363500770990109,F1
BD-9108,454,L,0.0319304098811964,D2
BD-3569,460,R,0.193373503562728,E3
BD-9846,352,R,0.0598848202414511,E3
BD-5547,417,T,0.217115808992757,F1
BD-2116,411,N,0.00819902183109802,B
BD-8482,349,L,0.00862976677367837,F2
BD-5801,368,K,0.0170487983878737,F2
BD-8967,420,S,0.0515149006693909,D2
BD-8143,412,D,0.0327044825114245,E2.2
BD-6928,524,E,0.0797061753860947,F1
BD-925,389,S,0.23931595145463,E1
BD-2171,362,Y,0.0587075207510769,E2.1
BD-4248,466,V,0.122666878973019,D2
BD-8896,469,T,0.0132719629666814,F1
BD-552,417,T,0.325287247318713,B
BD-6477,498,G,0.516088163403362,B
BD-7179,471,W,0.00293830278778232,F1
BD-276,417,P,0.296400531045113,E3
BD-5604,471,L,0.153916295371594,A
BD-5253,388,Y,0.00351388216728063,A
BD-892,483,L,0.0191899621963758,F1
BD-3497,467,Q,0.013317561926352,A
BD-1321,448,Y,0.0909816568899513,E2.2
BD-8940,332,G,0.056108443360868,F1
BD-7902,493,T,0.432570727926066,D2
BD-7263,417,C,0.645189653171412,E2.1
BD-9611,363,N,0.0155692228170677,C
BD-3200,497,W,0.167426752973348,C
BD-693,448,M,0.000431362863873825,E2.1
BD-4509,466,T,0.00642590634633601,A
BD-6634,349,R,0.0632898265713721,F1
BD-8061,523,D,0.019059069662025,E1
BD-6360,475,L,0.0139639183574338,E2.2
BD-7494,356,K,0.000773811106415562,B
BD-4361,431,Q,0.0202459143904196,E2.2
BD-9965,344,P,0.0517286547772653,A
BD-5021,362,D,0.0976090347923757,F1
BD-7726,520,N,0.108399158002228,B
BD-4862,418,A,0.0350697913890293,D1
BD-212,344,H,0.218930386313777,F1
BD-6630,473,N,0.039664533188548,E2.1
BD-4647,461,C,0.0322629104712222,F2
BD-1275,423,S,0.0101318991150418,C
BD-6663,402,V,0.0765634453088346,E3
BD-2999,367,P,0.0594496602811513,E3
BD-4345,367,F,0.100886655470689,E3
BD-1331,390,G,0.0912962703087882,C
BD-4743,447,P,0.0104287530697779,E3
BD-9783,370,G,0.0114037300991191,E3
BD-941,401,F,0.00362472503987285,E2.2
BD-517,437,P,0.00339608303807789,E3
BD-8550,452,V,0.000426739219144209,E3
BD-2444,364,D,0.00210527519903018,F3
BD-4870,345,F,0.000394944253660014,E3
BD-5928,381,W,0.0957116114645605,F1
BD-4431,417,T,0.871640015064456,F2
BD-7554,347,P,0.00296729692028808,C
BD-4644,346,N,0.217710366663588,E2.1
BD-9990,442,Y,0.0777445982368629,E3
BD-8899,353,N,0.032795947876185,E2.1
BD-8869,473,L,0.019730333217005,F1
BD-9253,456,A,0.107296429957691,D1
BD-2191,373,G,0.00281510294763548,D1
BD-9145,345,G,0.0310432062034696,E2.2
BD-5496,367,N,0.0979411024915675,D2
BD-5090,465,D,0.00268663157442617,F2
BD-9940,342,Y,0.000277684901042523,F2
BD-5111,527,R,0.0078362966495264,F1
BD-4965,527,T,0.112188400808426,E3
BD-4212,437,M,0.00132157971391961,B
BD-8392,488,N,0.180794718012853,D1
BD-8700,470,V,0.0301035907662094,F1
BD-599,334,V,0.0504447673498435,F1
BD-2737,403,T,0.0510693711176855,E2.2
BD-7458,375,K,0.00339578593148783,B
BD-2016,428,A,0.00350680981145627,E3
BD-6431,334,L,0.00309023110060993,E2.1
BD-6413,415,M,0.189642169248968,F2
BD-3424,381,H,0.000706009281624905,B
BD-3796,358,R,0.00016423664739013,B
BD-9262,332,E,0.019918547566637,F1
BD-1331,501,G,0.374196312682799,C
BD-444,361,K,0.0451884888356029,E3
BD-4116,402,L,0.0107273782984042,E2.2
BD-2990,481,G,0.014134928928927,E2.2
BD-1085,377,S,0.056192401232138,F3
BD-8335,509,T,0.0130408350952347,F2
BD-8002,443,G,0.0192485947242173,B
BD-4350,514,Q,0.0850802588668336,E3
BD-1329,472,E,0.0441753167665307,E3
BD-2763,336,Y,0.000202029616834593,E2.2
BD-8830,397,G,0.22770955387359,E1
BD-7580,524,K,0.298932437900965,E2.2
BD-8521,377,H,0.0125155826020894,A
BD-6809,494,V,0.00028949282975172,E2.2
BD-9302,357,T,0.0124051750829097,E3
BD-430,348,W,0.0219768867925637,E1
BD-1385,383,N,0.0178085055671611,F2
BD-2992,443,G,0.0068563303996306,F1
BD-8391,337,Q,0.0143655951604245,D2
BD-649,368,D,0.0696970514130141,F2
BD-3227,512,R,0.0326327766881706,F1
BD-391,525,S,0.110668022861401,E3
BD-9502,494,H,0.00133049044276158,F1
BD-1038,424,W,0.0104937104236725,F1
BD-7719,462,L,0.0147326280739555,F2
BD-1759,420,Y,0.0067539234583512,F1
BD-4713,517,G,0.281023971870821,F2
BD-8617,460,G,4.87088170466867e-05,F1
BD-2610,491,E,0.0262136466201585,C
BD-6983,403,K,0.104518878360946,F1
BD-6444,332,G,0.0691462729326807,F1
BD-7257,471,A,0.459801663439685,E1
BD-1427,491,S,0.0201265585867152,F1
BD-811,344,C,0.0529745600769661,E3
BD-4247,406,G,0.272040516357364,C
BD-4031,442,V,0.113067220905558,F1
BD-599,512,P,0.0250868065850871,F1
BD-512,495,A,0.0679347044406218,E2.2
BD-817,514,A,0.0443015594168596,E2.2
BD-4215,339,H,0.0018933801648022,E2.1
BD-7094,463,E,0.190766132737997,F2
BD-8824,450,L,0.504645941105054,F1
BD-9153,430,Y,0.0193480423915587,B
BD-3389,451,W,0.00611328850412002,C
BD-6999,373,P,0.00487593124417258,E2.2
BD-4434,507,N,0.0156003028080576,E3
BD-5546,413,I,0.00385182928364603,E1
BD-2983,445,R,0.711712581509273,E2.2
BD-4249,458,I,3.53937876631839e-05,D2
BD-3333,422,I,0.0193909287188493,F1
BD-998,472,C,0.00130385605989074,F3
BD-5239,520,T,0.039298032597393,F1
BD-5849,385,C,0.00108379446125814,F1
BD-4756,431,G,0.0326601559277386,F1
BD-6731,466,R,0.0162761473278892,E2.2
BD-7883,479,T,0.00218034241318239,E2.1
BD-4770,422,G,0.0682932733211224,E3
BD-1079,399,V,0.00253665312287867,E3
BD-3670,491,M,0.0128587957234425,B
BD-9622,479,I,0.0132821822666686,E2.2
BD-2025,507,C,0.149449756234938,E2.1
BD-5435,499,Q,0.0222915620839156,E2.2
BD-5382,531,V,0.00681653484536535,F1
BD-2332,408,R,0.0246106430738467,D1
BD-4468,526,T,0.175944341814917,C
BD-7540,412,Y,0.101563877854351,F1
BD-7723,363,K,0.0263781825907604,E2.2
BD-8335,464,Q,0.0255244732801354,F2
BD-5943,523,V,0.000644631546251628,F2
BD-9433,363,P,0.00671487394285065,E3
BD-3195,497,H,0.000826009944272914,E3
BD-4199,336,R,0.002899212806623,D2
BD-1316,367,R,0.08816476270829,E2.2
BD-1550,482,H,0.000242670072852001,E3
BD-4335,376,I,0.0450196403716222,E3
BD-9182,342,I,0.0975978282338956,E1
BD-2524,381,K,0.149237810290542,D1
BD-9803,528,H,0.106480116146982,F1
BD-212,526,D,0.0362722086303721,F1
BD-8662,491,Y,0.00169492677303276,E2.1
BD-9990,354,E,0.0586000091949005,E3
BD-1374,452,F,0.0105635649348478,A
BD-4590,435,T,0.0221529928586596,E2.2
BD-5749,494,Y,0.00429170815798711,D1
BD-4626,336,A,0.0036230332970344,A
BD-3359,446,S,0.0810486836240118,E3
BD-6544,407,Q,0.109051539452578,D1
BD-8014,363,I,0.149997076348679,A
BD-2963,354,Q,0.00961955127248408,C
BD-3194,509,W,7.21053303672995e-07,E2.2
BD-380,527,V,0.0842891750021997,E3
BD-1311,338,N,0.116010030852687,F2
BD-5546,380,P,0.0012445299277375,E1
BD-8239,367,N,0.0358592376805848,F1
BD-9271,376,L,0.0196144611939773,E3
BD-5503,388,Y,0.0458217119229,E2.2
BD-313,371,S,0.0825135821239095,A
BD-6452,387,F,0.0361572436992832,E2.2
BD-5625,425,K,0.00174594263163364,E2.2
BD-3359,516,V,0.243733105139555,E3
BD-9727,345,F,0.091153473824985,E2.2
BD-957,396,K,0.004263120317045,E3
BD-1060,407,H,0.0152976783119306,B
BD-593,527,V,0.0221397703199907,A
BD-8645,457,W,0.00255665466095427,E2.2
BD-7321,454,H,0.249676866464268,E2.2
BD-3706,410,Q,0.0402752649712783,D2
BD-3695,417,H,0.188449949143487,F2
BD-772,430,R,0.00560148825160299,F1
BD-3845,383,Q,0.164865468437675,F2
BD-9760,384,V,0.00133318775090426,E2.2
BD-3342,447,M,0.129362735941568,F1
BD-756,370,R,0.0355993620064148,B
BD-9988,489,N,0.0663183084008837,E3
BD-5236,336,E,0.0189206643084199,E2.1
BD-2623,388,Q,0.0420853988391601,A
BD-3450,410,A,0.033697052322677,F2
BD-9284,403,F,0.128765188338602,F2
BD-1208,331,N,0.0198514676748853,E1
BD-3528,345,C,0.0986463468635291,D2
BD-2796,385,C,0.0750710902502328,D2
BD-3502,404,C,0.00417893326422162,B
BD-7288,430,W,0.0351609211745933,E2.2
BD-8329,429,D,2.71285542890204e-05,E2.1
BD-8016,392,P,0.147400460773341,E3
BD-7393,458,P,0.00073606484129529,A
BD-5989,489,W,0.01009559638774,E3
BD-9726,433,V,0.0518759035701273,F1
BD-5370,384,P,2.40260860158505e-05,B
BD-1308,412,C,0.0320682603111554,F2
BD-5635,357,L,0.113750217060753,E1
BD-5388,465,E,0.126239373895739,F1
BD-5503,338,R,0.0160790479542383,E2.2
BD-1767,335,Y,0.0270791730396871,E2.2
BD-8105,443,F,0.136576277150235,F2
BD-7769,505,P,0.0378984721373166,F1
BD-132,478,L,0.00255593330504103,E2.2
BD-4353,470,R,0.00803291271895497,E3
BD-6290,530,R,0.0366732457634848,C
BD-4698,503,N,0.00248789027109278,B
BD-2635,475,W,0.0110380349848816,F2
BD-9058,481,C,0.0523006790592647,F1
BD-2435,452,Q,0.00453265735510014,F1
BD-384,461,T,0.129402994416274,A
BD-5166,515,V,0.0152743177760912,E1
BD-8392,417,M,0.430616321525093,D1
BD-8421,477,F,0.0454291704149352,A
BD-4839,427,H,0.0188761545962261,F1
BD-4301,515,I,0.0411553126889378,D1
BD-8143,348,C,0.000131370578175399,E2.2
BD-8606,527,D,0.14019633765416,E3
BD-4044,419,E,0.00950120820328678,E2.2
BD-6311,468,F,0.0346792848880638,C
BD-7148,412,S,0.00030525761015232,E2.2
BD-106,391,Q,0.143800113594846,F2
BD-6422,360,A,0.0126044806634815,F2
BD-7766,438,F,0.0472311206670965,A
BD-3430,400,M,0.000192690507795511,E3
BD-1736,427,S,0.0518154310394975,E2.1
BD-6416,455,Q,0.0462494003330587,F2
BD-6564,516,D,0.00632878222169514,E2.1
BD-2389,375,V,0.0160940651704708,E3
BD-9259,338,N,0.00715299626074817,F1
BD-3668,368,P,0.0558366486844078,E3
BD-3172,356,P,0.0743313259951747,E2.1
BD-9552,352,I,0.164633585811174,A
BD-7798,524,H,0.0523060048285599,F1
BD-5862,334,C,0.0236404759974051,C
BD-2398,367,S,0.0899346138697676,E3
BD-8143,515,P,0.0340909758365742,E2.2
BD-6427,513,H,0.018070901896243,F1
BD-8044,352,T,0.0601906602755306,E1
BD-4041,339,P,0.0460335942152265,E3
BD-5562,427,S,0.22468250794463,E1
BD-1724,498,H,0.549319176582751,E2.2
BD-8967,472,V,0.0490176918894789,D2
BD-6260,520,I,0.104897318494667,E2.2
BD-5443,338,N,0.0137601199241689,F1
BD-3095,402,C,0.0130154313950079,F1
BD-8832,471,V,0.0483691246712129,E2.2
BD-8105,405,C,0.004101373803674,F2
BD-3506,453,K,0.368845303275062,F2
BD-3462,512,D,0.100830798022263,F3
BD-8832,526,H,0.0308197230872075,E2.2
BD-890,351,Q,0.033768626384342,C
BD-4905,434,D,0.0250585615548795,F3
BD-3060,488,K,0.14417337807622,F1
BD-3619,506,V,0.456410565229387,E2.2
BD-5402,438,L,0.00459716019733394,B
BD-8593,368,W,0.000108245289343528,F2
BD-1793,397,R,0.0478591028813389,E2.1
BD-8667,440,D,0.125807064822437,E2.1
BD-135,524,Y,0.0573464766654726,E3
BD-8303,519,N,0.00783342552202244,A
BD-7465,333,S,0.0121980751160096,D2
BD-2508,396,C,0.00229572667559749,A
BD-3827,529,R,0.0877504521404416,E3
BD-8442,453,L,0.116045024089575,E2.1
BD-7085,412,R,0.277950730633723,A
BD-6148,491,P,0.285165839162501,C
BD-3685,413,S,0.0316912552256244,E3
BD-9436,405,C,0.148976738477406,D1
BD-3606,474,T,0.0034952319730257,F1
BD-5008,439,D,0.0246474011941488,B
BD-6714,443,T,0.00319577683915064,B
BD-7288,377,T,0.000289858773064272,E2.2
BD-925,429,G,0.000269704541011234,E1
BD-9633,414,N,0.294708109792682,F3
BD-7224,376,T,0.0245498167570142,C
BD-8575,504,E,0.00971115772308554,E3
BD-2174,373,N,0.0230703182554592,F1
BD-5368,422,C,0.129962777902865,D2
BD-5256,385,M,0.010193191856766,E2.2
BD-6626,504,S,0.0349841495292645,C
BD-8552,410,E,0.188291196966731,D1
BD-2796,475,I,0.0242914458708195,D2
BD-7186,511,D,0.00482467940372362,F1
BD-9818,433,P,0.061660263006184,E3
BD-2178,366,K,0.00537096058695022,F1
BD-4978,458,M,0.116220130841048,F1
BD-9089,335,G,0.172090645064507,E2.2
BD-9654,465,I,0.0383849125703494,F3
BD-9997,494,C,0.0168737585842312,A
BD-3563,394,A,0.00728749710432526,B
BD-7536,392,F,0.00689639863855716,E3
BD-6325,499,R,0.0508724947334111,D1
BD-1174,468,P,0.0480819437348034,D1
BD-7461,441,E,0.0480852036881588,E3
BD-5765,379,H,0.00958020309965457,A
BD-9633,439,H,0.0114287321622441,F3
BD-7006,428,L,0.0144227198368869,E3
BD-1093,407,R,0.00798704188525519,E2.2
BD-8143,401,E,0.0104976354602618,E2.2
BD-5368,430,M,0.0444078092444184,D2
BD-1899,473,G,0.0183622792440625,E2.2
BD-6611,382,A,0.0479039062018765,E3
BD-5566,347,E,0.110418678912869,D1
BD-8113,438,S,0.00293790988719568,F2
BD-1829,525,Y,0.0343052152068609,E3
BD-7486,389,I,0.196591278946906,A
BD-1706,527,W,0.115873338979113,C
BD-1200,469,N,0.081150104395828,E2.2
BD-1129,378,V,4.40415549842996e-06,E2.1
BD-1607,374,W,0.0173745772206184,E2.2
BD-9150,485,W,0.00576766624701088,B
BD-2474,339,W,0.000263904388733433,D2
BD-3196,341,Q,0.0175855419846511,F2
BD-3800,500,I,0.00995702901089026,E1
BD-5969,441,C,0.00697987534188703,E2.2
BD-5112,434,V,0.167497444777782,F2
BD-9684,468,T,0.0440735156777014,A
BD-2231,378,R,0.147177393129882,A
BD-9791,336,R,0.0254658281300231,E2.2
BD-9746,331,K,0.17593660258976,D1
BD-1407,363,I,0.00120818117934172,E2.2
BD-1952,437,M,0.193616077352689,E3
BD-892,507,C,0.244263310102941,F1
BD-6896,350,C,0.220740239471762,D1
BD-8353,496,R,0.0121208904906114,E3
BD-9089,414,K,0.0087433587478211,E2.2
BD-355,503,W,0.00442171628809215,E2.1
BD-8204,436,H,0.0547716246654848,F3
BD-2605,519,I,0.00650671581314635,A
BD-4605,354,Q,7.4118290037117e-05,E3
BD-9677,333,H,0.259251026192041,E2.1
BD-2008,514,S,0.308519863276242,C
BD-5033,369,M,0.0961656038999205,A
BD-1750,349,K,0.00540519414979977,E3
BD-4789,366,H,0.000275749719308923,F3
BD-2657,415,G,0.0758280657431232,A
BD-8933,404,A,0.0125830166064962,F1
BD-2231,488,C,0.0364758872834846,A
BD-4202,363,P,0.0574261502077027,F2
BD-4831,425,F,0.0420125321562725,E3
BD-4261,351,V,0.0046690301992314,C
BD-8353,505,V,0.0173567238141158,E3
BD-2497,467,C,0.0957503161655409,E3
BD-6944,492,I,0.0678522695568063,E2.2
BD-883,482,R,0.00622661304494233,E1
BD-2609,494,T,0.156553877028517,F1
BD-4041,388,T,0.0012141101613969,E3
BD-4716,495,Y,0.330738891544142,E2.1
BD-3395,378,K,0.00118027040679423,E2.2
BD-8414,339,R,0.108329372854728,F1
BD-8386,456,H,0.167142941430083,E3
BD-5659,500,F,0.00772442095883966,F1
BD-429,390,I,0.00250736253451712,F3
BD-7953,423,D,0.109888303722358,C
BD-948,420,V,0.197958488836451,D1
BD-8269,518,W,0.156326420715109,C
BD-7494,380,V,5.2125238638795e-05,B
BD-1718,401,K,0.00248780493581392,A
BD-9839,395,M,0.00269818423864973,E2.1
BD-468,388,Y,0.270652140344292,E2.2
BD-6046,474,M,0.0413465269095271,C
BD-174,475,F,0.024108846333382,E3
BD-7773,397,D,0.00857366959770846,F1
BD-1579,341,P,0.00347100246581722,D1
BD-3550,364,T,0.110886398215337,B
BD-455,468,H,0.00654165762219988,E2.1
BD-1957,452,S,0.00215025916716546,E3
BD-4438,359,C,0.0521883169214153,E2.2
BD-3600,417,M,0.337706399219245,F3
BD-8569,495,K,0.0113311869104412,D1
BD-9118,331,R,0.0615680306287489,A
BD-2211,347,M,2.11762740144218e-05,E3
BD-7615,441,D,0.0531780145707639,E2.1
BD-3192,357,Q,0.0529054869850337,E2.2
BD-6444,528,A,0.0186385856184422,F1
BD-9560,338,W,0.100831318650205,D1
BD-7337,403,E,0.00367424052250281,E3
BD-514,391,Y,0.0470293228373608,F2
BD-6655,498,Q,0.523653000226723,E3
BD-3090,478,T,0.539762752089401,F1
BD-6040,369,M,0.382496080419828,E2.2
BD-6963,402,N,0.168393268122964,F1
BD-4393,526,V,0.0584472792033933,B
BD-4443,383,L,0.105578166386879,E1
BD-8492,391,R,0.0480873090137249,E2.2
BD-3401,508,G,0.00246170818437188,E2.2
BD-1060,454,W,0.00133598672365626,B
BD-6966,348,Q,0.0367038783666088,C
BD-4156,440,M,0.613496973492334,F2
BD-2850,470,W,0.0129082754419336,E1
BD-8482,375,L,0.033884015040283,F2
BD-2605,491,A,0.0158043204186111,A
BD-3416,435,R,0.00821576887225217,F1
BD-3709,356,Q,8.90183543150328e-06,E2.2
BD-1789,523,Y,0.0150271223525475,B
BD-5892,407,G,0.0436225712286546,E3
BD-2986,462,Q,0.00324789747424526,A
BD-9185,382,P,0.0476430063301307,E2.2
BD-7142,360,K,0.0652765868103892,E3
BD-6884,400,D,0.0383601048999847,E3
BD-6845,375,W,0.00454208149261121,D1
BD-2142,390,H,0.0551034379535139,E2.2
BD-3227,487,C,0.0315886321842071,F1
BD-348,379,K,0.0247921660824573,E2.2
BD-4350,515,G,0.0837144289112328,E3
BD-9517,446,W,0.190829972315227,F1
BD-2359,477,H,0.247561646481066,E3
BD-9244,376,R,0.0941114729100046,E3
BD-3305,436,M,0.049381507776939,E3
BD-6891,434,M,0.0455252633384824,F1
BD-9184,355,D,0.0638911728523594,F1
BD-9860,476,P,0.00992320423404175,E3
BD-1129,487,D,0.000265600614484437,E2.1
BD-7609,376,S,0.00320089762956654,F3
BD-2103,340,A,0.0387747998198794,A
BD-8582,437,E,0.130996751266656,D1
BD-1315,337,V,0.00934700044525638,E2.2
BD-9523,450,S,0.547532260067904,C
BD-9793,504,A,0.0967587723450474,E2.1
BD-3834,423,I,0.0695307101400049,B
BD-7414,438,E,0.0100507691071055,E2.2
BD-8124,392,Q,0.0384620917745825,F1
BD-4693,393,T,0.020855088741533,E3
BD-3265,405,N,0.000474234733922425,E3
BD-8748,378,M,0.00707007835862971,D1
BD-8134,409,T,0.0409639564264298,E2.2
BD-7313,492,K,0.125122835119466,E3
BD-8612,458,F,0.0225266506975011,E3
BD-4066,383,E,0.0318235351264621,E3
BD-7540,342,W,0.00140447431263919,F1
BD-736,505,T,0.00649649095076696,F2
BD-255,339,A,0.0148929241987764,C
BD-5671,417,W,0.189929715834874,E2.2
BD-9997,336,K,0.00439902313981993,A
BD-1706,404,I,0.100368262145753,C
BD-5163,367,F,0.00121417450417549,B
BD-7458,514,P,0.0378051839793368,B
BD-2589,419,E,0.148964965735944,A
BD-4195,513,C,0.0110478311961732,F2
BD-6531,456,W,0.00662985707904419,A
BD-8021,509,A,0.0153403736277866,E3
BD-4140,531,C,0.0475662067100905,E3
BD-9150,418,E,0.0754516303298937,B
BD-4666,361,G,0.0024894349352907,A
BD-8420,521,D,0.00630304692957218,C
BD-7639,359,Y,0.000212785005550686,F2
BD-5771,476,W,0.0585800076642819,E2.2
BD-4527,362,V,0.0322631509102455,F1
BD-8769,388,H,0.000566190137826061,E1
BD-4503,402,F,0.420921406858356,B
BD-3660,415,G,0.0101976190887925,C
BD-8280,359,R,0.0493653868268584,E2.2
BD-3757,346,F,0.047818808007914,C
BD-389,398,Y,0.023926873927578,D2
BD-4463,515,A,0.308058635219381,E1
BD-6301,522,Y,0.104384037899638,E3
BD-5392,518,G,0.191425729764308,E2.1
BD-3754,482,Q,0.00112481394545597,C
BD-7245,368,F,0.0661091796172696,E2.1
BD-2524,497,N,0.0125762246825766,D1
BD-1539,392,E,0.0812971850447373,E2.2
BD-8655,485,I,0.00574103562232204,D1
BD-966,489,C,0.103199753866229,E3
BD-297,447,N,0.0477270156151154,E2.1
BD-5291,472,T,0.00342163322367311,A
BD-8552,383,Y,0.129152137302128,D1
BD-9008,392,H,0.0481556272020926,B
BD-8205,371,Y,0.0327033963617718,C
BD-3450,334,V,0.0593498185995206,F2
BD-597,339,Q,0.000125600273899419,E2.2
BD-4693,363,D,0.0974862883977164,E3
BD-4993,377,H,0.0387501212768635,D2
BD-5751,491,K,0.0227375262298962,D1
BD-5690,463,N,0.00264637584156014,E2.2
BD-502,474,N,0.0246967798899776,F1
BD-6422,339,K,0.00413785567320159,F2
BD-7874,339,Y,0.0163923168897662,E1
BD-7409,345,D,0.00159044634601611,D1
BD-9684,451,E,0.00569259522520928,A
BD-8221,473,G,0.00845516767714446,A
BD-4503,485,I,0.182704526536513,B
BD-6139,529,T,6.65121520642292e-06,E2.2
BD-1310,433,H,0.0816311499819492,E2.2
BD-6219,471,D,0.12118989475143,B
BD-4298,422,H,0.00104781260136327,E3
BD-7558,381,Y,0.146113047617557,E2.2
BD-8076,473,E,0.00810269969856396,E2.1
BD-1714,363,T,0.0100440250053196,F1
BD-4321,472,F,0.0714595042503791,C
BD-8324,367,G,0.0175957722298947,D1
BD-2907,380,G,0.225057947448844,E2.2
BD-1561,388,C,0.00049955721751106,E2.2
BD-2431,465,K,0.0535275670920993,D1
BD-9042,393,R,0.0423773488123569,F1
BD-525,334,E,0.0634939772438695,F1
BD-304,448,P,0.0185515339292382,E2.2
BD-4088,364,I,0.000355277224873601,E2.2
BD-3031,501,R,0.62559888124477,F1
BD-717,440,T,0.295339726110015,E2.1
BD-3364,438,D,0.0261419665784523,E2.2
BD-522,336,F,0.0526011143449926,E2.2
BD-3972,365,N,0.135045756968416,F1
BD-5503,418,Q,0.206810022095525,E2.2
BD-2903,369,A,0.0436095573562083,C
BD-2043,416,T,0.0973716955737613,C
BD-7662,389,L,0.0378143013870032,F2
BD-3876,477,Y,0.231731043567879,E2.2
BD-2523,517,M,0.00138437936611068,F2
BD-7934,433,T,0.0169080468272761,D1
BD-3685,380,F,0.000651660583656429,E3
BD-817,457,N,0.0541257790943344,E2.2
BD-7601,343,H,0.0153537855917809,E2.1
BD-2119,406,L,0.00617042017543834,E3
BD-9860,449,G,0.000707316371062376,E3
BD-974,526,D,0.037881512482735,F3
BD-3172,453,S,0.176889154758094,E2.1
BD-6847,492,K,0.162589886158854,F2
BD-6254,358,F,0.0178396564199848,E3
BD-9184,492,S,0.00185315334227555,F1
BD-6936,435,V,0.0255693884885186,C
BD-6874,374,I,0.00767121789020762,B
BD-3078,356,G,0.00196339611013126,F1
BD-9265,332,F,0.0546589792784041,A
BD-3003,388,W,0.0120708004999308,A
BD-7115,360,H,0.000423018818968978,E2.1
BD-9145,404,V,0.214467616857375,E2.2
BD-558,449,N,0.10933547204519,E1
BD-5424,395,E,0.00828982732925099,E2.2
BD-9667,403,I,0.00660532256633365,F1
BD-2334,448,H,0.049836969803798,B
BD-8677,497,I,0.0164757036831238,D1
BD-3947,475,G,0.0103220211409706,E3
BD-4407,352,W,0.000112271968292474,C
BD-3003,445,L,0.349004175762653,A
BD-3416,404,T,0.00444205563308469,F1
BD-339,487,I,0.00658025854977493,F3
BD-7973,515,E,0.0586053686051885,E2.2
BD-3308,524,Q,0.0191133455375193,E2.2
BD-193,412,M,0.0550720228181967,E2.2
BD-4711,398,I,0.105577650697118,F3
BD-2547,404,W,0.0735308749529246,E3
BD-9621,414,Y,0.0330539047475495,E2.2
BD-5218,529,N,0.0857863171121101,E1
BD-3100,346,V,0.0158840186377627,E3
BD-3086,390,E,0.176933307904685,E1
BD-5806,460,W,0.000947930874505018,B
BD-9727,420,W,0.000569626730251536,E2.2
BD-736,414,D,0.0898630513348127,F2
BD-1784,397,K,0.0225473584605943,E3
BD-7980,451,F,0.0730286556308448,E1
BD-9109,472,Y,0.00418789522349412,E1
BD-4978,408,G,0.184012558297696,F1
BD-2385,393,E,0.00260871685665593,C
BD-5592,420,A,0.0602895331853056,E3
BD-6286,342,M,0.00108683230797458,F1
BD-3368,476,E,0.147789783214004,E3
BD-2524,509,H,0.0502423644744278,D1
BD-8661,509,H,0.110697842929474,E3
BD-7461,351,N,0.014615487261358,E3
BD-6391,423,E,0.0243131007433082,F1
BD-3572,484,G,0.218320747421371,E3
BD-4353,386,A,0.00363846185062435,E3
BD-7779,371,W,0.0132872810554919,F1
BD-303,425,A,0.00535734097423412,A
BD-5827,428,A,0.0185976938537286,A
BD-4069,435,F,0.121259867603844,F1
BD-6754,411,Y,0.00757367673651107,D1
BD-7764,504,P,0.132268714190368,F2
BD-4556,420,W,0.00177935411364603,E3
BD-6081,379,C,0.105184919503042,E2.1
BD-3585,442,M,0.217931137227641,E2.2
BD-9909,474,D,0.0225135855107561,E1
BD-8329,359,T,0.00243505667474823,E2.1
BD-6399,517,P,0.0332846406177469,C
BD-3873,498,T,0.507675420586867,E2.1
BD-723,483,F,0.0669717036474822,D1
BD-7040,413,K,0.000645345665186384,B
BD-2802,450,M,0.390552943742534,F3
BD-6899,341,V,0.00696720831676639,F1
BD-6754,449,A,0.0645571853250933,D1
BD-3692,524,Q,0.105357287821355,E3
BD-8993,489,I,0.0436636974654225,E3
BD-6672,383,I,4.36547659721646e-05,D1
BD-8290,331,Q,0.113033540601337,A
BD-9346,332,Y,0.159361475238026,A
BD-746,357,D,0.0315303968167054,E3
BD-6136,358,Y,0.161342268466127,E3
BD-5480,379,V,0.00491584704990989,D1
BD-104,432,F,0.036247642986477,E3
BD-4350,401,S,0.0117495270274997,E3
BD-1206,515,K,0.230010677917221,E2.2
BD-6773,396,W,0.0200525141008553,E2.2
BD-5604,402,F,0.0168154111055028,A
BD-3422,382,T,0.12603695255119,A
BD-9142,380,D,0.000573214703206587,F1
BD-2036,363,V,0.0544334479871377,E2.2
BD-9502,419,G,0.00317125246467568,F1
BD-6525,454,R,0.0398212558757274,E2.2
BD-1814,349,F,0.184576075365476,E2.2
BD-1333,337,E,0.00651760929728858,E3
BD-8028,355,M,0.00426410362414842,F1
BD-2171,355,C,0.111948162703149,E2.1
BD-3652,486,W,0.39157448546059,E1
BD-4032,499,T,0.0414820094383154,D1
BD-8816,430,E,1.06326862257968e-05,E3
BD-9262,423,D,3.31644447820713e-05,F1
BD-5130,467,C,0.0262740738907946,F1
BD-6953,517,L,0.00264439138342356,E2.2
BD-5700,381,L,0.00815955101620628,E3
BD-5808,496,E,0.0279333941851665,F1
BD-3110,480,W,0.0108803374279993,E2.2
BD-9633,424,W,0.0110190813858692,F3
BD-8222,520,K,0.089348286873954,E3
BD-9340,459,T,0.0284651495252577,F3
BD-9271,390,C,0.000609118659422537,E3
BD-1050,402,M,0.000957722663534949,A
BD-293,358,G,0.00877581319316529,E2.1
BD-4320,360,K,0.0114548863172939,C
BD-3772,524,A,0.0331923559378138,F1
BD-5232,378,C,0.000157348246999105,F1
BD-1208,516,D,0.00357217553760236,E1
BD-2646,342,P,0.00100499873452439,E2.2
BD-4523,467,F,0.000242423773286676,C
BD-8881,473,A,0.0373647284845355,F3
BD-3947,409,L,0.00546337192804973,E3
BD-7918,377,V,0.022517138272595,B
BD-6536,423,R,0.0619088582056116,B
BD-5392,467,H,0.0717411823903264,E2.1
BD-529,503,A,0.0957618689354356,E1
BD-6160,392,G,0.0527712427392176,F1
BD-2261,399,C,0.0318911588927195,E2.1
BD-7417,490,C,0.153225816749118,D1
BD-4418,331,T,0.319987045433244,D1
BD-3408,511,G,0.225884506556509,E2.1
BD-2680,378,D,0.00603056296721493,B
BD-9053,375,Y,0.227177353916994,D1
BD-8082,516,I,0.142449818049514,E1
BD-112,471,K,0.080770879346723,B
BD-626,472,Q,0.107406958919929,E3
BD-2139,403,P,0.00543771886771262,F1
BD-1619,445,Y,0.512811073233375,D1
BD-9362,347,F,4.83620110235428e-05,F1
BD-1607,463,P,0.0793966751844678,E2.2
BD-4735,351,W,8.62548226461737e-05,B
BD-8807,338,L,0.135874913453064,C
BD-507,343,E,0.120589421401657,E2.1
BD-7008,449,F,0.0120425067994616,F1
BD-9330,452,K,0.00917396883949959,E2.2
BD-7605,345,D,0.140574628937201,E2.2
BD-1354,465,E,0.00179154449410411,F1
BD-4180,462,C,0.147212075498912,C
BD-9872,360,Q,0.151839585831957,F2
BD-4466,450,F,0.209144661166585,E2.1
BD-4142,352,F,0.020431595880356,B
BD-6044,513,P,0.141552579850624,E3
BD-5791,468,H,0.0320573705400042,E3
BD-4666,453,R,0.000468216396340572,A
BD-6056,356,T,0.0649583791815373,F1
BD-6963,499,E,0.00529949316224978,F1
BD-3044,362,D,0.260459017216515,E3
BD-543,358,G,0.0473952732050861,F1
BD-7614,511,E,0.0193512875799904,E2.2
BD-238,470,W,0.0207216115134411,E3
BD-5689,445,E,0.469432463874028,E2.2
BD-9255,523,G,0.0842292914862944,C
BD-5521,525,G,0.02891006753581,F1
BD-4719,500,A,0.0984846902770719,F1
BD-8132,332,L,0.337012051859746,E1
BD-1164,432,A,0.0268889147171278,C
BD-5424,391,N,0.00573365700022411,E2.2
BD-7458,438,F,0.0148951229560434,B
BD-341,370,P,0.133648241636565,F2
BD-2949,371,S,0.0199248864293274,D1
BD-1585,334,W,0.00617321398240996,E2.1
BD-7951,468,A,0.0399491191513812,F2
BD-1633,448,T,0.00236751228582594,F2
BD-2763,466,F,0.000131954463914933,E2.2
BD-3666,374,P,0.105478176052917,E3
BD-6611,386,M,0.00336919648289296,E3
BD-7801,528,H,0.0498382023391498,C
BD-2871,447,S,0.00231720606734958,E3
BD-9241,391,F,0.00733649147172231,B
BD-5186,419,F,0.0334039726966333,E3
BD-4629,464,A,0.000217747440456312,F1
BD-6686,436,A,0.0125633409404774,F3
BD-3168,346,P,0.18571260137988,E2.2
BD-8519,415,F,0.0364457548667293,F1
BD-8323,373,V,0.00109491185163186,C
BD-716,499,V,0.00162822861302774,A
BD-4485,488,N,0.13710621048705,E3
BD-6654,520,F,0.0120484076429435,F1
BD-3507,368,D,0.00270721485722908,E1
BD-5425,424,K,0.001082944900788,E3
BD-3454,392,V,0.265664350255488,E3
BD-6762,339,I,0.00885365746439409,E2.2
BD-7178,374,Q,3.58816830439315e-06,D2
BD-4702,358,V,5.55104377899189e-05,D1
BD-7085,428,V,0.231001634812877,A
BD-626,471,A,0.127022627740731,E3
BD-9225,471,I,0.00455803194799164,F2
BD-9845,338,W,0.244522521872017,F1
BD-9990,391,D,0.0570677209318569,E3
BD-8283,498,K,0.600756140561143,E2.2
BD-5869,527,I,0.0233733647409944,F2
BD-796,350,T,0.00676381424878619,F1
BD-8042,503,T,0.0455614243599737,F1
BD-4541,417,P,0.531423249110461,E3
BD-5115,456,L,0.000176021578447704,E3
BD-3371,516,K,0.00310261380470539,C
BD-5008,451,C,0.158228627453104,B
BD-9416,515,V,0.0009216502043655,F1
BD-8288,357,M,0.0207270947751201,F3
BD-2474,457,C,0.00655404432734214,D2
BD-2371,424,N,0.0557094748298373,D1
BD-1808,499,V,0.0453262095099022,D1
BD-7939,353,V,0.104182410044252,E1
BD-444,383,K,0.00368400297980621,E3
BD-4702,516,V,0.227088103119538,D1
BD-3196,513,C,0.00881835895668553,F2
BD-491,408,W,0.0430562183472381,A
BD-9499,369,A,0.00665796989977591,F1
BD-8481,380,S,0.0891953509722804,E2.2
BD-2558,465,T,0.0567245418071419,E2.2
BD-8830,436,H,5.41085023930548e-05,E1
BD-4712,492,T,1.06040709783955e-05,A
BD-5417,427,I,0.0530282952260847,B
BD-7061,486,G,0.371058707715847,E2.2
BD-6640,382,Q,0.00200648431084275,E1
BD-6199,403,F,0.18814439839808,E2.2
BD-7100,414,G,0.00242875254161724,E2.2
BD-7964,484,S,0.688159342267903,E3
BD-8688,390,D,0.00597309980416479,E2.2
BD-6626,468,N,0.0116011787305879,C
BD-8290,417,E,0.327486077830454,A
BD-6724,468,G,0.00649196483134696,E3
BD-552,426,N,0.0533398882880506,B
BD-5604,364,F,0.0183992790625544,A
BD-6525,471,Y,0.0249057564654028,E2.2
BD-7570,490,C,0.378947157231212,E2.2
BD-5640,426,S,0.0848904965333936,F3
BD-7094,471,L,0.0238920607036378,F2
BD-9846,389,V,0.275094843882956,E3
BD-8232,443,I,2.30653389616927e-05,D1
BD-8769,508,Y,0.11098311562475,E1
BD-4069,449,A,0.0701825164018625,F1
BD-6203,394,P,0.0731967790446769,E3
BD-9297,514,A,0.0520290829618115,C
BD-8421,459,E,0.00465937120457111,A
BD-448,416,D,0.0824425309585656,E2.2
BD-3241,362,Y,0.0148308389985196,C
BD-3546,419,R,0.0921729992197388,E2.2
BD-5751,368,Q,0.271118149615218,D1
BD-9540,414,N,0.0717785580144549,E3
BD-9750,363,M,0.0789280273150853,E2.2
BD-6917,496,A,0.114325346237234,E2.2
BD-723,452,Q,0.00998289918776947,D1
BD-1154,388,I,0.0319365827983584,E2.1
BD-6867,521,T,0.00884904875640871,B
BD-1333,338,D,0.00244189254798479,E3
BD-7762,440,Q,0.174955437232875,C
BD-4374,449,D,0.0236647430854907,E3
BD-5913,445,M,0.599492478383636,F3
BD-4707,331,P,0.0991038421904893,D1
BD-1942,368,W,0.000875411966719384,E1
BD-7991,409,F,1.53504182211935e-07,F1
BD-4228,338,Q,0.00891207910326379,E3
BD-1906,424,K,0.000782013514537247,E3
BD-9863,369,E,0.00888039874000434,F1
BD-6862,437,C,0.18757300318867,E3
BD-6362,512,T,0.149832643634444,B
BD-9897,403,H,0.00376804663468486,F1
BD-9413,337,P,4.06570564027359e-06,E2.1
BD-3870,356,I,0.0215883306152971,E2.1
BD-5432,344,C,0.0462764904435939,E2.2
BD-1410,408,V,0.00495658289585759,D1
BD-957,471,T,0.0669101493251275,E3
BD-9094,437,V,0.154461591619788,F1
BD-2803,488,L,0.171632821654951,E2.2
BD-4067,401,Q,0.00318082202855461,E2.1
BD-9545,506,C,0.00382084189640313,F1
BD-8778,343,L,0.12610398701347,A
BD-5542,363,A,0.0155288931676219,F1
BD-8164,351,V,0.00818488676981612,F2
BD-9773,484,E,0.374963033191224,F1
BD-2806,405,G,0.050614530849308,E2.2
BD-7769,383,M,0.0285761495932661,F1
BD-3879,389,W,0.0437530336935209,D1
BD-7305,455,F,0.177561209227808,F1
BD-134,423,I,0.0383553751205627,C
BD-5727,406,M,0.0632515830498675,F1
BD-7061,399,I,0.14247650675561,E2.2
BD-3588,438,I,0.11227461413327,E3
BD-629,395,N,0.0995042263864765,E2.2
BD-2119,359,L,0.0567911153909675,E3
BD-3062,392,S,0.126124664599669,E2.1
BD-1600,526,R,0.0247633157725444,E2.2
BD-1450,433,D,0.00179545191199133,E2.2
BD-2478,497,R,2.10835630802452e-06,E2.2
BD-6611,444,S,0.522353179484224,E3
BD-522,337,P,0.217878685942604,E2.2
BD-7970,477,K,0.094604229486429,D2
BD-2017,508,F,0.115725991785602,B
BD-4270,336,T,0.123276727447358,A
BD-974,490,M,0.396937587606175,F3
BD-6045,331,K,0.0705624616546433,E2.2
BD-7236,348,N,0.243535493459057,E3
BD-9540,378,Q,0.0430902356267642,E3
BD-5101,526,S,0.00204469557025655,E3
BD-289,347,S,0.00302018881824767,E2.2
BD-7978,402,V,0.12350665603048,D1
BD-4073,462,R,0.111022623461813,D2
BD-9671,486,Q,0.296879539390859,E2.2
BD-6277,396,L,0.141943067566803,A
BD-9145,480,I,0.0221868213076125,E2.2
BD-5563,405,Q,0.0885084895633648,E2.2
BD-7414,467,W,0.0559538011494162,E2.2
BD-6362,486,V,0.605516596224826,B
BD-1585,338,G,0.00175408715801354,E2.1
BD-8996,417,P,0.481215865813886,A
BD-2067,505,R,0.002338596075028,F1
BD-6240,339,D,0.0437945344437642,C
BD-5202,437,Q,0.0619445456003365,F1
BD-3296,526,R,0.0347158703364482,F3
BD-4031,486,Q,0.134317947609006,F1
BD-9266,338,P,0.0395414950230887,E3
BD-1044,370,G,0.00113218767152337,E2.1
BD-633,343,M,0.106883295710958,F2
BD-297,367,T,0.000165595810031705,E2.1
BD-7352,453,T,0.0197185598885197,D2
BD-6509,480,K,0.0746915462142995,F2
BD-7609,512,V,0.00231624489500646,F3
BD-8803,493,E,0.471862735871035,D1
BD-6509,437,G,0.0261101939280849,F2
BD-3368,357,H,0.128827117383109,E3
BD-4088,345,V,0.0543037776217545,E2.2
BD-8769,459,D,0.0760893934219797,E1
BD-4607,472,W,0.0155134533595843,F1
BD-7576,437,Q,0.0288359499814768,B
BD-9954,340,Q,0.00289867367888232,F2
BD-5745,408,C,0.150942628377514,A
BD-6362,423,Q,0.012310968787342,B
BD-1577,463,S,0.0950946545411787,E3
BD-313,358,K,0.00112161248681745,A
BD-2320,527,F,0.285337217617462,E3
BD-7969,476,T,0.00130097210389428,A
BD-5106,400,E,0.0621256499449083,E2.2
BD-7060,344,F,0.0113720545002177,E3
BD-1436,474,K,0.0525527084878209,E3
BD-9058,510,I,0.325870116857553,F1
BD-113,488,T,0.00800096126334353,F3
BD-2198,488,A,0.0443510163513325,E2.2
BD-7934,376,S,0.0595099719892773,D1
BD-3953,465,L,0.0525564789968173,D1
BD-7437,516,I,0.0207651256587157,E2.2
BD-8405,468,W,0.0185809439520017,F1
BD-5562,393,H,0.00798844831617864,E1
BD-1678,482,K,0.0393391119984885,D1
BD-6592,408,N,0.000274355147821465,E3
BD-5071,354,M,0.0168769751760656,E2.1
BD-8883,514,L,0.00073507986659165,E2.1
BD-4637,339,H,0.0111106393963991,E2.1
BD-7726,417,H,0.461207563506576,B
BD-5342,375,A,0.00576750030573017,A
BD-246,432,V,0.0156923260106985,F1
BD-2348,366,T,0.00344789970727104,E3
BD-7321,360,C,0.115718018190923,E2.2
BD-9704,332,N,0.000273177829999617,F1
BD-3300,426,T,0.111475018959403,F1
BD-1085,442,G,0.0714578103111826,F3
BD-599,333,R,0.335453448518932,F1
BD-2757,376,V,0.0463008064941988,E2.2
BD-4044,488,L,0.0713545065358835,E2.2
BD-130,405,V,0.166300991508467,E2.1
BD-3516,504,A,0.220005806343534,A
BD-6370,485,C,0.00224104640467844,E3
BD-6422,432,K,0.045429282564066,F2
BD-5727,525,A,0.0274035451754059,F1
BD-9304,415,A,0.0352561138876725,D1
BD-9007,436,L,0.00579329687701309,E2.2
BD-723,520,E,0.0273578928558951,D1
BD-6495,494,V,0.000639426334843965,D1
BD-7863,499,Y,0.0987534947945327,E3
BD-8625,391,W,0.0484796073509175,F3
BD-4693,386,C,9.07381627381942e-06,E3
BD-2142,502,K,0.0374778086366419,E2.2
BD-6277,353,Q,0.0649466051521997,A
BD-8386,363,C,0.0463560569565028,E3
BD-4722,515,R,0.172340412805267,F1
BD-4329,473,Y,0.0141236335022848,E2.2
BD-2963,505,P,0.0940060878290174,C
BD-2695,384,C,0.0266505344621171,E3
BD-3531,432,Y,0.0145759691359253,F1
BD-4767,453,A,0.00546884559462785,E2.2
BD-1595,496,R,0.037418944020125,B
BD-8662,457,E,0.000292219590816125,E2.1
BD-9611,498,T,0.466121710538442,C
BD-3756,370,W,0.0269226743381769,E3
BD-652,384,G,0.0133604304108819,E2.1
BD-3178,456,D,0.263462976318635,C
BD-4392,384,Y,0.0332521996279937,F2
BD-8933,387,C,0.13857858871445,F1
BD-9666,476,H,0.170424987298406,D1
BD-4452,458,R,0.107167366746324,F2
BD-355,448,D,0.0183180315249618,E2.1
BD-8748,373,D,0.452333489648444,D1
BD-6671,482,N,0.0635249918221122,E3
BD-9927,345,C,0.0956594102287646,C
BD-7045,403,F,0.401794332690008,F2
BD-2932,338,S,0.00848236728555135,D1
BD-2142,506,C,0.0463616571037399,E2.2
BD-907,492,N,0.0633819581327388,F1
BD-4314,365,F,0.0144210846793234,F1
BD-5472,461,G,0.0264904889374586,B
BD-2218,361,H,0.0190934024831921,F2
BD-928,455,Q,0.00544040449254467,F3
BD-7096,465,V,0.000270119550120809,E2.2
BD-2635,343,M,0.221587823955979,F2
BD-628,530,M,0.0171660069272182,E3
BD-9988,364,M,0.11266274999389,E3
BD-8290,474,F,0.00226703117886567,A
BD-6801,368,P,0.219336818933715,F1
BD-7540,400,V,0.0509989002448276,F1
BD-5118,410,Q,0.00712492455114804,D1
BD-3976,462,P,0.238411133704272,E3
BD-4463,526,I,0.312666653246352,E1
BD-9797,422,M,0.00179689505534116,E2.2
BD-1765,333,F,0.0552985765544563,F1
BD-5225,471,N,0.1721740794643,E2.2
BD-5597,428,A,0.124851330045511,C
BD-5745,448,R,0.0817900248730718,A
BD-6873,348,G,0.0850027421427828,A
BD-1824,477,D,0.0363910923486379,E2.1
BD-9762,467,V,0.000314374546474752,A
BD-7234,367,D,0.0347330982846729,F2
BD-6432,426,H,0.00331060431957905,E3
BD-9087,528,L,0.199259403083689,A
BD-6789,481,M,0.00227579436942546,E2.2
BD-7052,435,S,0.0411268648391457,F1
BD-3561,444,I,0.299016974797704,F1
BD-4041,377,Y,0.028596359494747,E3
BD-1190,424,I,0.430718463839966,A
BD-7895,441,Y,0.0892762379753226,D1
BD-4627,333,F,0.0289702146466499,B
BD-680,470,V,0.0289076475749513,F1
BD-6219,477,C,0.0235784283073484,B
BD-1408,410,P,0.015335758561825,E3
BD-5943,338,G,0.0591370217320363,F2
BD-329,340,I,0.0843066643698207,E2.2
BD-7471,464,G,0.00288472779100245,F3
BD-1834,395,I,0.00518295612494426,E2.2
BD-3047,501,L,0.382561892878355,F2
BD-6274,489,E,0.0286116792869097,E3
BD-808,342,D,0.0215440649429188,F2
BD-4947,332,F,0.0295224128685348,E2.2
BD-2348,404,Y,0.0272079134900064,E3
BD-7774,414,Y,0.06261208057206,E2.2
BD-6847,343,V,0.0740078537071246,F2
BD-9940,359,E,0.022091775237595,F2
BD-808,489,V,0.103524190870355,F2
BD-8952,417,K,0.606330045414734,F2
BD-647,378,H,0.00813772984670563,E2.2
BD-230,441,Y,0.000656235610695415,E2.2
BD-736,449,D,0.102492094383423,F2
BD-8169,367,L,0.243159789984952,F1
BD-5885,382,C,0.135501616586186,E2.2
BD-8686,497,G,0.0115753925270636,B
BD-4390,416,F,0.00224744081971008,E2.1
BD-5671,477,M,0.259333961246421,E2.2
BD-9397,506,G,0.166737230155087,E3
BD-6640,521,V,0.009134610470934,E1
BD-4765,416,I,0.00773806421371633,B
BD-5404,434,D,0.000218873503208954,E3
BD-6391,488,L,0.00265014827480183,F1
BD-927,411,K,0.0670513450433722,E2.2
BD-2546,339,T,0.0221372045161896,F1
BD-6031,475,Y,0.104825540412291,F1
BD-5193,517,C,0.0842657836009456,E2.2
BD-4664,427,F,1.20869953129925e-05,E3
BD-1627,411,G,0.23060595276853,E3
BD-8023,435,F,8.35090195695716e-05,C
BD-4836,494,V,0.148099174179445,E2.2
BD-4567,359,M,0.0221015942975664,F3
BD-8762,460,A,0.0332996952652624,C
BD-2501,344,E,0.228044738349724,E2.2
BD-9557,515,N,0.211814434954511,F1
BD-7002,438,K,0.0770275163916011,F2
BD-9463,339,Y,0.0507152136560694,F2
BD-2363,515,W,0.00841508573619812,F2
BD-3144,429,W,0.0723495146338628,F1
BD-9872,495,A,0.00710992851710519,F2
BD-3507,342,F,0.0864288954182375,E1
BD-1272,408,G,0.000331656292193978,F1
BD-4144,471,H,0.00542474084109166,E2.2
BD-4635,419,P,0.0049995105047017,D1
BD-8442,341,D,0.147905364507032,E2.1
BD-6531,500,D,0.00020317088886895,A
BD-9325,474,C,0.100122843699514,F2
BD-6220,426,W,0.0364597600520951,A
BD-1050,335,Q,0.0293323258923748,A
BD-9053,456,M,0.0189885869691511,D1
BD-4382,509,G,0.111030475414,C
BD-2622,497,T,0.0129343863548037,F2
BD-6760,452,R,0.0192916494518323,F1
BD-2160,425,E,0.0862037612549013,D2
BD-880,332,A,0.171043524431347,E3
BD-9191,424,Q,0.000126809963911115,E2.2
BD-8506,397,H,0.0704200867197512,A
BD-1140,348,H,0.0280328550818916,E3
BD-3011,438,Q,0.184824119214061,E2.1
BD-9524,440,D,0.159521126230533,E2.2
BD-3185,415,S,0.00492425769311653,E3
BD-3786,358,P,0.0476271803714089,E2.2
BD-5771,489,N,0.0132889336434383,E2.2
BD-9241,335,Q,0.0208623341184644,B
BD-9588,444,L,0.42031972375212,E3
BD-8352,514,W,0.0119689550894081,E3
BD-3518,406,R,0.0504183902598744,E2.2
BD-9265,333,D,0.115660979696496,A
BD-9631,376,H,0.00163942417857911,F1
BD-7758,508,A,0.0910452705427298,F1
BD-2441,374,W,0.000848820225627008,A
BD-767,508,F,0.0331366408409403,E3
BD-1050,522,Y,0.0120631167053302,A
BD-1373,457,H,0.00842178995755633,E2.2
BD-6351,520,E,0.00356994664652118,E3
BD-1834,456,A,0.0256240298494627,E2.2
BD-1489,429,V,0.00247130646232025,E2.1
BD-2528,495,W,0.0327889846580263,E3
BD-2871,331,M,0.00110267505684155,E3
BD-7068,371,R,0.0479312633260845,E2.2
BD-2396,490,K,0.466586249061063,A
BD-6005,494,E,0.0682278906632613,E3
BD-9053,448,E,0.0261399093930827,D1
BD-2282,431,A,0.0735078708480331,E2.2
BD-798,463,Y,0.00611405739370022,E2.2
BD-8628,422,I,0.0544450091747213,F1
BD-9621,408,L,0.078939593940362,E2.2
BD-7052,375,M,0.0154152551396993,F1
BD-5199,523,A,0.00116514636537416,A
BD-354,520,H,0.0498566084416022,F1
BD-1950,468,P,0.0643042476887113,F1
BD-2067,397,K,0.0220962799085435,F1
BD-425,371,M,0.0945200434774786,E2.2
BD-4228,398,K,0.00321312775093905,E3
BD-4847,344,F,0.015659333726175,F1
BD-1285,350,C,0.0264705548856969,E2.2
BD-626,495,P,0.131029995353606,E3
BD-9371,517,C,0.0872436303186373,E2.2
BD-3670,492,K,0.392524726257252,B
BD-9222,490,H,0.0800650542383472,E2.1
BD-5474,408,I,0.00593739739195498,F3
BD-3123,486,I,0.262359956210289,F2
BD-4627,501,R,0.414894112184165,B
BD-7176,436,W,0.00358755444086494,F2
BD-8863,435,D,0.129926130909261,D1
BD-5163,338,W,0.032318449496835,B
BD-7116,505,R,0.0174450547540977,F1
BD-2944,390,T,0.0111544627502446,D1
BD-3875,417,T,0.120347066322085,A
BD-1140,373,C,0.000544868421287196,E3
BD-8628,513,A,0.0707618815336756,F1
BD-6760,472,H,0.00546289939444441,F1
BD-9078,364,Q,1.14269159599919e-05,F1
BD-2401,520,N,0.000132234022143709,E2.2
BD-993,344,N,0.0206578891892512,C
BD-9171,482,K,0.13757690798181,A
BD-6997,456,R,1.54357742224174e-05,F2
BD-424,461,E,0.442640520294927,E3
BD-1186,331,V,0.0265254578261478,F1
BD-3009,406,F,0.0884548559323054,D1
BD-8457,375,W,0.00128136055914087,F1
BD-9790,358,M,0.0133790838331927,F3
BD-9527,424,V,0.0924998803026816,E3
BD-7753,388,G,0.00927683197469444,E2.2
BD-7533,392,C,0.00343601054441683,E2.2
BD-5297,523,Y,0.00921988404171922,E3
BD-6519,442,T,0.00170358036262297,E1
BD-3030,404,G,2.69158779933696e-06,A
BD-1635,368,C,0.246420775488391,A
BD-2324,454,P,0.0792887041395617,E3
BD-2766,461,I,0.0303400556926149,C
BD-3242,336,L,0.0149158264174054,A
BD-8132,367,P,0.0172847678471508,E1
BD-3537,451,T,0.0116191453228102,E2.1
BD-6244,415,E,0.0468670355819604,E3
BD-9085,432,K,0.00233490726667355,D1
BD-7531,489,H,0.128885296818437,F2
BD-9760,516,T,0.00535925654936735,E2.2
BD-2528,367,L,0.0220504540039483,E3
BD-6314,374,L,0.12866924077462,F2
BD-1463,369,P,0.0121644429932066,E3
BD-8651,388,G,0.109518931127425,E2.1
BD-1511,431,R,0.0115988655300767,B
BD-6432,462,Y,0.127448027495747,E3
BD-1055,464,F,0.0131348091465694,E1
BD-3261,337,G,0.000447804288954916,F2
BD-9479,482,F,0.155307744744741,E2.2
BD-130,460,R,0.00691552654788442,E2.1
BD-1579,394,Y,0.00365617402158705,D1
BD-4718,498,P,0.435392656421665,E2.1
BD-2974,405,A,0.00663543491036764,F3
BD-9340,507,M,0.139174831269265,F3
BD-8704,442,L,0.0139122415019794,A
BD-505,440,L,0.381346770763774,E3
BD-377,523,A,0.0794156524871925,E2.1
BD-4974,467,R,0.0104186508865737,F3
BD-3263,490,N,0.355270246933109,F2
BD-9695,404,H,0.00900452605299646,E2.1
BD-278,448,Q,0.00139135090708621,E2.2
BD-6678,499,P,0.0097021480807407,E2.2
BD-4055,471,G,0.0132893287538183,C
BD-9066,462,T,0.012519011586887,F1
BD-5010,460,A,0.0482453874810503,E3
BD-8896,462,Q,0.00710424637281701,F1
BD-112,422,M,0.0214904356212353,B
BD-634,393,E,0.118169236796494,A
BD-6944,455,A,0.0130482148819219,E2.2
BD-4712,425,H,0.184008883459092,A
BD-4840,462,A,0.0117991515296966,A
BD-691,479,K,0.191619994145767,E2.2
BD-4044,342,L,0.00792313471864804,E2.2
BD-6321,347,M,0.011153126457048,F1
BD-5031,417,R,0.376432253897554,D1
BD-7883,332,Y,0.0869030646610734,E2.1
BD-4716,491,Y,0.158546565781016,E2.1
BD-7056,508,I,0.093585439991181,E3
BD-169,457,W,0.0756742701145989,E3
BD-4022,445,E,0.56014068266632,E2.2
BD-4353,379,A,8.71463156000463e-05,E3
BD-8071,425,G,0.00132820678436488,F1
BD-5904,379,M,0.00689794435729088,D1
BD-8448,343,K,0.00133279459695905,D1
BD-4741,473,S,0.000690947350070395,E2.2
BD-1733,381,G,0.253606050611584,C
BD-3902,403,R,0.172744054964959,E2.2
BD-6557,508,R,0.0380258496596989,F1
BD-6672,482,P,0.0197833658038677,D1
BD-6588,455,V,0.0299118600481949,B
BD-8714,531,V,0.0695976391636411,E2.2
BD-3660,332,C,0.000639281991976864,C
BD-7953,356,W,0.0513645740464302,C
BD-7488,456,M,0.0204460257159341,C
BD-3212,349,I,0.0117192202923024,E2.2
BD-9985,517,A,0.291927746115982,E2.2
BD-4235,495,M,0.106159162014722,C
BD-1726,357,F,0.133934209024104,F2
BD-3466,501,A,0.69767016900988,D1
BD-4487,331,T,0.0713489673947748,D2
BD-9297,373,A,0.000989831077937186,C
BD-5327,491,E,0.0240591258194265,A
BD-9109,336,F,0.10533524477361,E1
BD-4443,465,N,0.00132603400194288,E1
BD-4223,439,D,0.0212631885645675,E2.1
BD-6918,408,S,0.00954751889683004,F1
BD-8807,360,Y,0.0115753215689414,C
BD-8261,472,H,0.00548817051225499,C
BD-6287,366,T,0.00120668758192977,E3
BD-8984,381,N,0.000776991854760713,D2
BD-7490,431,F,0.00807862006868353,E2.2
BD-2178,424,M,0.0259849500361176,F1
BD-1792,399,N,0.00254514744311905,E2.1
BD-7159,504,M,0.0106732309488677,E2.2
BD-9557,505,H,0.084415368669136,F1
BD-7430,343,R,0.0147047481656727,D1
BD-7483,382,W,0.00252135382831964,E2.1
BD-5153,366,E,0.00676302638586339,F1
BD-1278,452,G,0.00248856436977391,E3
BD-708,343,R,0.103026322023612,B
BD-8863,445,K,0.233257440229707,D1
BD-6758,508,A,0.32376974814157,F3
BD-1946,379,R,0.174164912900903,E3
BD-4442,529,G,0.00530303762499378,C
BD-2392,406,T,0.072691231925582,E3
BD-8723,382,H,0.157346011637017,A
BD-6160,363,K,0.164327928431513,F1
BD-5549,439,I,4.16165675078885e-05,E3
BD-3192,436,V,0.145684122254694,E2.2
BD-7115,481,P,0.0393824330847694,E2.1
BD-3174,353,Y,0.0767689960936453,C
BD-906,408,K,0.0886439134369592,F1
BD-1440,354,K,0.00259957337831722,E1
BD-8704,484,Y,0.288560614992243,A
BD-2278,454,S,0.203577828180806,C
BD-2132,452,N,0.001507239588525,D1
BD-7918,441,S,0.0378961488877152,B
BD-6577,413,A,0.0800959628255499,C
BD-7012,386,E,0.0150674323614145,C
BD-9644,350,F,0.0925598007906633,E2.2
BD-1689,352,Q,0.0139527484554103,E1
BD-5916,440,C,0.281835763126182,C
BD-8333,509,W,0.115616563963458,A
BD-146,490,T,0.506725242319107,F1
BD-525,376,P,0.00805700929354287,F1
BD-9611,480,D,0.0305019749537354,C
BD-7438,357,K,0.00431429822480682,D1
BD-3753,506,Q,0.023192844323502,A
BD-9685,386,T,0.018901919261791,E2.2
BD-2567,442,A,0.217771313056371,F2
BD-4523,441,Y,0.00391154075938607,C
BD-8740,357,H,0.0457728089896314,C
BD-366,441,S,0.03151415718283,E2.2
BD-9007,392,D,0.114026479182321,E2.2
BD-2898,360,Q,4.80011989562983e-07,F1
BD-8329,514,W,0.00472157835144988,E2.1
BD-237,481,Q,0.214722612404414,A
BD-9145,520,G,0.0223234733951281,E2.2
BD-708,412,E,0.00234259003587018,B
BD-5068,392,M,0.0047064449250073,E2.2
BD-1666,346,W,0.183507555398932,E2.1
BD-7159,400,L,0.255248675328899,E2.2
BD-9710,356,V,0.0457333419157774,C
BD-2813,402,V,0.0345727144495404,D1
BD-1423,492,S,0.100385728962876,F2
BD-401,454,L,0.445462418427148,C
BD-9243,370,K,0.00351299265489415,E3
BD-6999,489,T,0.0155977962067188,E2.2
BD-8353,406,S,0.0408683851661735,E3
BD-8328,508,Y,0.00349680191509545,B
BD-7788,445,L,0.400916889021573,E1
BD-1438,379,M,5.80222835278098e-07,E3
BD-1685,336,D,0.0192915618981996,E3
BD-3196,480,G,0.00456317897141505,F2
BD-946,363,G,0.0293968548545022,D1
BD-3247,437,G,0.195867753714286,E3
BD-9058,338,E,0.00475675214888891,F1
BD-9873,362,Q,0.127026008363684,E2.2
BD-1021,439,M,0.000231576282577965,E2.2
BD-4754,508,I,0.0134758296229045,B
BD-8747,425,P,0.0349805521520615,F3
BD-1759,331,L,0.00305649943499571,F1
BD-5396,514,H,0.0597036016466932,E3
BD-5291,384,F,0.0309649229868941,A
BD-2571,515,M,0.187562245843198,F1
BD-4770,464,D,0.0184669403399039,E3
BD-8541,501,G,0.794600060940343,E3
BD-829,470,V,0.0171556513445505,E2.1
BD-6689,460,I,0.0181618650126868,E3
BD-9118,386,V,0.352932762408009,A
BD-8771,387,N,0.00258533768864841,E3
BD-5782,415,K,2.4302555536245e-05,C
BD-6695,485,D,0.029523435366748,E3
BD-3158,467,P,0.00242697699618828,C
BD-7615,477,V,0.0960170090753037,E2.1
BD-2897,472,G,0.0312821551817834,F1
BD-3643,521,C,0.000354593259792219,C
BD-4627,444,C,0.561022047756271,B
BD-9136,450,V,0.666094597273042,E2.2
BD-2464,448,P,0.00465603222677204,A
BD-3875,526,T,0.0780092121280428,A
BD-8152,513,A,0.0438928915435581,F2
BD-5193,332,M,0.0171827087727399,E2.2
BD-7674,418,W,0.0044250070058187,C
BD-2561,462,F,0.0056588991714689,D1
BD-4792,370,P,0.00758515107946819,F2
BD-1911,377,E,0.136249286478506,C
BD-5853,368,D,0.0225442593680011,E3
BD-6198,495,A,0.00966789553119445,F2
BD-1008,399,C,0.132373954280474,E2.2
BD-7599,498,T,0.256201879211058,D1
BD-5945,406,C,0.265726317926558,E3
BD-2605,405,K,0.0614054812985684,A
BD-941,521,F,0.00486380407115335,E2.2
BD-7433,502,F,0.0777825953479636,E3
BD-5095,449,D,0.0342627032454409,E1
BD-2506,406,D,0.0918431727366227,F2
BD-2497,344,A,0.0408072637489995,E3
BD-5659,509,E,0.0017030251662899,F1
BD-2815,454,W,0.00307739533001242,E2.1
BD-3235,449,Q,0.00253379754281827,E2.2
BD-6886,512,V,0.000214339581555251,E3
BD-4657,493,F,0.20516622505898,C
BD-9762,371,R,0.0018499679930704,A
BD-9543,439,Y,0.0290072400747113,E2.1
BD-3147,404,H,0.239805736910442,F1
BD-5546,450,H,0.325084182726678,E1
BD-2139,448,R,0.0439267846619992,F1
BD-5095,384,F,0.0239317771360271,E1
BD-5175,390,G,0.115028127399534,E2.1
BD-3605,408,D,0.204017685459119,A
BD-9986,415,W,0.0598951899924888,F1
BD-5081,506,G,0.0553613900534854,E1
BD-1044,347,R,0.0900219598947327,E2.1
BD-593,520,I,0.0202525982725303,A
BD-9403,345,N,0.00778635437396431,E2.1
BD-1793,340,N,0.0234963229979609,E2.1
BD-8222,398,D,0.0231341388487357,E3
BD-5370,451,C,0.000235247450191057,B
BD-8832,369,E,0.0233590834119898,E2.2
BD-3886,422,Q,0.0452650233579324,D1
BD-3209,424,K,0.014960496446048,E2.1
BD-1186,408,W,0.0345564615023686,F1
BD-1106,493,R,0.580634577999485,F3
BD-2949,433,M,0.00288332799121367,D1
BD-3857,342,W,0.0348900721791784,F2
BD-4214,420,V,0.00243504854731243,F1
BD-2944,416,N,0.0902748583581035,D1
BD-7437,428,M,0.0569208970834851,E2.2
BD-772,522,F,0.000330180535342979,F1
BD-7773,394,W,0.0280062562354058,F1
BD-3220,487,G,0.0282764866407516,E2.2
BD-5881,344,H,0.103142343623168,E1
BD-3008,413,N,0.000103346977085052,E3
BD-1198,355,F,0.0576194744061789,A
BD-8803,474,P,0.0328851003563521,D1
BD-8368,390,I,0.0247877636010152,F1
BD-6267,506,R,0.0225937499821331,A
BD-5719,375,S,0.37898748451137,F2
BD-6286,372,C,0.0439779053509602,F1
BD-3969,393,D,0.00108367639583081,C
BD-825,450,R,0.215473150435824,E2.2
BD-3886,506,F,0.0407551299527139,D1
BD-4390,489,D,0.0091809162321507,E2.1
BD-4955,389,P,0.000843904626079043,D1
BD-7808,520,G,0.00193141864205501,E2.1
BD-251,479,V,0.034417193260682,E3
BD-6152,471,C,0.177502883385256,E3
BD-5496,493,F,0.412674413600858,D2
BD-5212,349,Y,0.0389195043809628,E1
BD-8092,523,G,0.107959527236465,B
BD-704,430,R,0.112699288548369,E3
BD-2816,369,L,0.00724900787741532,E2.1
BD-9478,513,L,0.206036211751696,C
BD-2864,368,Q,0.172176946073247,D1
BD-9057,465,E,0.40682530980077,E2.2
BD-4420,371,A,0.0503622676131086,E3
BD-6785,495,C,0.0944061362606063,A
BD-8110,435,K,0.147691236027947,E3
BD-803,455,C,0.0122586275824783,F1
BD-5008,344,G,0.00200599466170435,B
BD-301,397,S,0.000117393833629594,B
BD-9915,456,W,0.0987749970777018,A
BD-5203,470,W,0.109884549485965,D1
BD-8184,414,D,0.109198234178832,E2.2
BD-3060,352,P,0.0151287094288399,F1
BD-869,420,S,0.153644675417593,E1
BD-6045,353,W,0.050604602761842,E2.2
BD-2605,501,A,0.202885726468297,A
BD-6624,356,V,0.133130536102802,E3
BD-4629,494,E,0.000375922497536148,F1
BD-3227,441,C,0.16027089813489,F1
BD-1629,484,D,0.522954942197789,E2.2
BD-5689,333,L,0.0104386115319402,E2.2
BD-7743,437,R,0.0799481773860634,E2.1
BD-3408,469,I,0.0873398863027435,E2.1
BD-7781,528,R,0.110480365722543,E2.1
BD-777,421,R,0.158253470144072,A
BD-5186,377,H,0.00511276313508209,E3
BD-8924,441,R,0.0124243314588717,E2.1
BD-8044,371,N,0.00414567479740212,E1
BD-6660,483,E,0.00528911566780339,E2.2
BD-2418,470,G,0.0440299010855983,E3
BD-4898,370,V,0.0514734146041653,E3
BD-3152,468,W,0.000664703039263382,D1
BD-9222,402,M,0.0894710449138875,E2.1
BD-4642,449,T,0.00428849622597317,D1
BD-6640,338,T,0.000113481453770613,E1
BD-4972,447,N,0.0188734659037035,B
BD-5220,408,D,0.17104425021838,F2
BD-3523,466,C,0.0622951525703284,F1
BD-1716,396,F,0.059853469543412,D1
BD-1633,402,S,0.00437158071291441,F2
BD-3671,331,W,8.93962862225386e-05,F1
BD-5375,339,T,0.163208376215,F3
BD-600,468,W,0.0189768660680077,F1
BD-2437,390,G,0.00473740973239063,B
BD-1386,366,N,0.0439440540368109,B
BD-7726,367,W,0.0131501758370632,B
BD-5821,526,C,0.000108784535980937,F1
BD-7614,455,H,0.00324981752779588,E2.2
BD-3405,358,R,1.81864358536555e-05,E2.2
BD-9881,376,Q,0.2049257805195,E2.2
BD-6891,400,M,0.0108885206233119,F1
BD-3383,346,G,0.0102671635006488,E2.1
BD-3374,343,M,0.109121108738781,B
BD-9308,342,Y,0.128025120990854,D1
BD-4698,353,R,0.0331193546481669,B
BD-4349,346,S,0.0906584596601979,E3
BD-6808,452,H,1.09179990589602e-06,E2.2
BD-9986,422,P,0.113466183953614,F1
BD-9197,405,C,0.000898459664320778,B
BD-9019,528,R,5.34516430484327e-06,E2.1
BD-8340,349,K,0.00761944765444339,B
BD-5101,490,N,0.26214673242076,E3
BD-5640,475,M,0.0545144691098521,F3
BD-635,526,L,0.0122310445169378,D1
BD-9411,438,S,0.389789877788374,A
BD-8807,510,M,0.00140006654215253,C
BD-3303,503,K,0.111379121543546,F3
BD-9792,442,W,0.108220978562809,E2.2
BD-8042,346,T,0.0837045629158283,F1
BD-2222,510,L,0.127480211608056,E2.2
BD-9448,472,F,0.00930708557294737,F3
BD-9849,403,V,0.010716278706824,E3
BD-8316,343,R,0.0258625007873801,B
BD-600,337,F,0.12758871529907,F1
BD-4781,507,K,0.0747030282966603,F1
BD-6311,423,A,0.0100214278413244,C
BD-6624,468,Q,0.00785539992136434,E3
BD-3180,361,L,0.126510968503791,E2.2
BD-759,387,S,0.00962022649056665,D1
BD-5712,334,Y,0.0155137476059054,E1
BD-6328,498,S,0.710420724449985,E2.2
BD-3207,357,Q,0.0564864353787094,E3
BD-8933,515,M,0.170168162501748,F1
BD-2300,407,F,0.00171517358908161,F3
BD-4796,519,Q,0.00497157066361073,E2.2
BD-2261,504,D,0.028991602706199,E2.1
BD-2646,400,W,0.0139858552628312,E2.2
BD-6696,410,N,0.176827660085649,D1
BD-5686,464,P,0.0191587866159118,F2
BD-2859,342,G,0.0347882147264941,C
BD-7527,386,F,0.00349838584103915,E2.2
BD-4974,390,T,0.0591538231901863,F3
BD-8976,332,G,0.1135209223204,F2
BD-862,345,V,0.265779234884291,E2.1
BD-4946,343,P,0.0526264733815803,E3
BD-8402,488,Y,0.19075976557692,B
BD-8418,434,W,0.0796153500722225,A
BD-3962,459,F,0.068886159760932,E3
BD-2384,372,G,0.110292441836584,A
BD-5024,376,Q,0.00239351232543711,E3
BD-9297,371,Y,0.009163780102361,C
BD-5227,364,A,0.00401331516712189,E3
BD-2232,460,E,0.0075557802321047,E2.1
BD-9540,392,V,0.0453259551486848,E3
BD-7260,374,H,0.0248515761347914,B
BD-4792,379,I,0.0243754368722366,F2
BD-5904,385,M,0.0549955744264924,D1
BD-9768,515,T,0.0268313963327072,D1
BD-3261,517,F,0.0539360680996118,F2
BD-6525,387,P,1.87640311378746e-05,E2.2
BD-2278,411,F,0.000202990944748042,C
BD-2396,375,T,0.0248759935649037,A
BD-7038,529,M,0.018857492332022,B
BD-8392,421,W,0.00250565777299574,D1
BD-8693,421,N,0.0134113642120754,E3
BD-704,472,C,0.000197347033582488,E3
BD-9053,475,D,0.0147019829588942,D1
BD-5677,393,P,0.201730630340837,E2.2
BD-3011,525,I,0.0681616302053501,E2.1
BD-880,433,P,0.0473564500349026,E3
BD-4499,414,G,0.0204832517327223,C
BD-5877,358,T,0.141087490939001,C
BD-9066,377,K,0.0923483544076159,F1
BD-2268,393,F,0.0806639200211775,F2
BD-7352,362,C,0.0106193377583988,D2
BD-6917,411,A,0.000908587957920819,E2.2
BD-2907,412,Y,0.0141766456521057,E2.2
BD-7281,337,R,0.00152116958942476,B
BD-8347,437,G,0.0703399749887236,E3
BD-7719,487,V,0.00363189752048063,F2
BD-6624,451,D,0.312321696516349,E3
BD-5435,449,F,0.021092008493927,E2.2
BD-4627,450,K,0.827854056470359,B
BD-7066,496,Q,0.0270819049141455,E3
BD-4648,465,E,0.00362871312277917,E3
BD-3685,455,K,0.031161343402312,E3
BD-6220,451,T,0.0217428779290737,A
BD-3976,467,W,0.0757581091670416,E3
BD-5232,505,D,0.0268578901551468,F1
BD-9436,485,E,2.50254248608867e-05,D1
BD-7106,504,R,0.00439074098420039,A
BD-1863,373,D,0.0052225648599578,E3
BD-9783,442,W,0.0131025977303521,E3
BD-6768,333,A,0.000169741319602695,C
BD-4276,462,M,0.00929261521204251,B
BD-1722,457,K,0.0111888944209341,E2.2
BD-1578,337,D,0.00468909117585287,E2.1
BD-7276,503,M,0.00377095018309478,E3
BD-4576,431,F,0.0163373919594371,C
BD-1567,468,H,0.276302172408287,F3
